Station ID,Cycle0 (Bef),Cycle0 (Aft),Cycle1 (Bef),Cycle1 (Aft),Cycle2 (Bef),Cycle2 (Aft),Cycle3 (Bef),Cycle3 (Aft),Cycle4 (Bef),Cycle4 (Aft),Cycle5 (Bef),Cycle5 (Aft),Cycle6 (Bef),Cycle6 (Aft),Cycle7 (Bef),Cycle7 (Aft),Cycle8 (Bef),Cycle8 (Aft),Cycle9 (Bef),Cycle9 (Aft),Cycle10 (Bef),Cycle10 (Aft),Cycle11 (Bef),Cycle11 (Aft)
1,-13,-13,-12,-12,-12,-12,-9,-9,-4,-4,2,-1,0,0,1,-1,1,2,1,1,-4,-4,-2,-2
2,-24,-24,-24,-24,-25,-25,-24,-24,-22,-22,-29,-29,-33,-33,-40,-40,-41,-41,-42,-42,-46,-46,-48,-48
3,-22,-22,-21,-21,-21,-21,-20,-20,-31,-31,-52,-52,-50,-50,-50,-50,-35,-35,-31,-31,-33,-33,-34,-34
4,-15,-15,-16,-16,-16,-8,-7,-8,1,1,-4,0,-1,0,2,0,-4,-3,-4,-4,-18,-18,-15,-15
5,-17,-17,-17,-17,-17,-17,-15,-15,-18,-18,-21,-21,-23,-23,-20,-20,-18,-18,-9,-9,-10,-10,-12,-12
6,-12,-12,-13,-13,-12,-12,-10,-10,-12,-12,-28,-28,-26,-26,-26,-26,-27,-27,-18,-18,-22,-22,-23,-23
7,-11,-11,-12,-12,-13,-13,-9,-9,-4,-4,1,0,-1,-1,2,2,-1,-1,2,2,-3,-3,-3,-3
8,-12,-12,-12,-12,-12,-12,-12,-12,-12,-12,-12,-12,-12,-12,-12,-12,-12,-12,-12,-12,-12,-12,-12,-12
9,-12,-12,-13,-13,-13,-13,-11,-11,-17,-17,-22,-22,-20,-20,-19,-19,-4,-4,-9,-9,-13,-13,-15,-15
10,-11,-11,-12,-12,-12,-12,-12,-12,-10,-10,-15,-15,-13,-13,-12,-12,-16,-16,-15,-15,-26,-26,-29,-29
11,-16,-16,-16,-16,-16,-16,-15,-15,-13,0,1,-1,-1,-1,-2,-4,3,0,2,2,1,0,-2,-2
12,-33,-33,-34,-34,-34,-34,-33,-33,-31,-31,-59,-59,-62,-62,-72,-72,-55,-55,-41,-41,-37,-37,-40,-40
13,-13,-13,-14,-14,-14,-14,-14,-14,-14,-14,-26,-26,-24,-24,-32,-32,-28,-28,-25,-25,-23,-23,-23,-23
14,-32,-32,-32,-32,-31,-46,3,-42,35,-60,15,-3,-6,-6,-9,-4,-3,-3,-136,-136,-190,-190,-197,-197
15,-17,-17,-18,-18,-18,-18,-17,-17,-15,-15,-26,-26,-24,-24,-26,-26,-16,-16,-13,-13,-18,-18,-19,-19
16,-14,-14,-16,-16,-13,-13,-10,-8,2,4,-3,1,-1,-1,-3,-3,2,2,3,2,0,0,0,0
17,-17,-17,-17,-17,-18,-18,-17,-17,-17,-17,-33,-33,-38,-38,-41,-41,-36,-36,-18,-18,-24,-24,-26,-26
18,-16,-16,-18,-18,-18,-18,-17,-17,-17,-17,-35,-35,-37,-37,-40,-40,-27,-27,-23,-23,-30,-30,-31,-31
19,-21,-21,-21,-21,-21,-21,-20,-20,-16,-12,-12,-6,-4,-4,-7,-5,0,0,-4,-4,-8,-8,-9,-9
20,-19,-19,-19,-19,-19,-19,-8,-8,4,-1,3,0,1,-1,1,2,-3,-3,-17,-17,-28,-28,-30,-30
21,-11,-11,-11,-11,-11,-11,-10,-10,-9,-9,-9,-9,-9,-9,-9,-9,-8,-8,-5,-5,-8,-8,-8,-8
22,-13,-13,-13,-13,-14,-14,-13,-13,-12,-12,-28,-28,-26,-26,-24,-24,-18,-18,-10,-10,-12,-12,-13,-13
23,-11,-11,-11,-11,-11,-11,-10,-10,-11,-11,-22,-22,-23,-23,-23,-23,-13,-13,-9,-9,-10,-10,-11,-11
24,-24,-24,-23,-23,-23,-23,-23,-23,-19,-19,-36,-36,-40,-40,-51,-51,-44,-44,-36,-36,-36,-36,-33,-33
25,-21,-21,-21,-21,-21,-21,-12,-12,4,1,3,0,3,-2,4,0,0,1,-12,-12,-17,-17,-20,-20
26,-13,-13,-15,-15,-15,-15,-14,-9,-4,1,0,0,-1,-1,0,1,3,-1,1,1,2,2,1,1
27,-23,-23,-23,-23,-23,-23,-21,-21,-33,-33,-68,-68,-70,-70,-62,-62,-52,-52,-47,-47,-34,-34,-35,-35
28,-12,-12,-13,-13,-13,-13,-11,-11,-8,-8,-9,-9,-11,-11,-12,-12,-8,-8,-9,-9,-7,-7,-7,-7
29,-15,-15,-15,-15,-16,-16,-14,-14,-4,-4,1,-1,0,2,1,0,2,2,-2,-2,-9,-9,-13,-13
30,-16,-16,-15,-15,-16,-16,-8,-8,1,4,-2,0,3,1,1,-2,0,-1,6,6,1,1,0,0
31,-24,-24,-24,-24,-24,-24,-21,-21,-10,-10,-6,-6,-7,-5,-6,-3,-2,-2,-8,-8,-12,-12,-11,-11
32,-29,-29,-31,-31,-31,-31,-29,-29,-25,-25,-64,-64,-61,-61,-58,-58,-58,-58,-55,-55,-61,-61,-56,-56
33,-11,-11,-11,-11,-10,-10,-8,-8,0,1,-9,-1,0,1,3,-2,-1,-2,2,2,1,1,0,0
34,-11,-11,-11,-11,-11,-11,-8,-8,0,2,2,0,-1,-1,-3,-3,-4,-4,-9,-9,-8,-8,-9,-9
36,-18,-18,-18,-18,-19,-19,-18,-18,-12,-7,-1,0,4,-2,4,-3,5,1,0,0,-1,-1,-3,-3
37,-9,-9,-10,-10,-10,-10,-8,-8,-5,-5,-3,-3,-1,-1,0,1,1,0,4,4,-1,-1,-1,-1
38,-11,-11,-11,-11,-10,-10,-9,-9,-7,-7,-12,-12,-11,-11,-8,-8,-5,-5,-3,-3,-6,-6,-5,-5
39,-20,-20,-22,-22,-24,-24,-21,-21,-16,-16,-26,-26,-22,-22,-17,-17,-15,-15,-12,-12,-11,-11,-21,-21
40,-9,-9,-8,-8,-9,-9,-7,-7,-4,-4,-4,-4,-6,-6,-11,-11,-12,-12,-5,-5,-10,-10,-10,-10
42,-18,-18,-21,-21,-20,-20,-15,-10,2,1,0,-1,-1,-2,1,-3,-1,1,0,0,-5,-5,-7,-7
43,-12,-12,-13,-13,-13,-13,-10,-10,-6,-6,-12,-12,-10,-10,-7,-7,-12,-12,-5,-5,-9,-9,-12,-12
44,-14,-14,-17,-17,-17,-17,-16,-16,-17,-17,-31,-31,-26,-26,-26,-26,-23,-23,-15,-15,-9,-9,-12,-12
45,-18,-18,-19,-19,-19,-19,-10,-11,13,1,-3,-3,-3,-3,-3,0,-1,-1,-15,-15,-21,-21,-23,-23
46,-11,-11,-10,-10,-9,-9,-3,-7,9,3,-3,-3,-3,-3,-4,0,0,-1,2,2,-7,-7,-12,-12
47,-12,-12,-14,-14,-14,-14,-10,-10,-1,-1,5,0,-2,0,4,-1,-1,-1,-4,-4,-18,-18,-20,-20
48,-16,-16,-16,-16,-18,-18,-15,-15,-23,-23,-41,-41,-34,-34,-39,-39,-27,-27,-23,-23,-24,-24,-26,-26
49,-10,-10,-11,-11,-11,-11,-11,-11,-14,-14,-25,-25,-27,-27,-31,-31,-27,-27,-27,-27,-27,-27,-24,-24
50,-18,-18,-19,-19,-18,-18,-16,-16,-13,-13,-21,-14,-13,-13,-16,-8,-6,-6,0,0,-2,-2,-6,-6
51,-19,-19,-19,-19,-19,-19,-16,-16,-9,-9,-5,-5,-7,-7,-8,-5,-5,-1,0,1,0,0,-1,-1
52,-12,-12,-12,-12,-12,-12,-10,-10,-7,-7,-11,-11,-14,-14,-19,-19,-12,-12,-11,-11,-11,-11,-16,-16
53,-11,-11,-12,-12,-12,-12,-12,-12,-14,-14,-27,-27,-31,-31,-28,-28,-23,-23,-22,-22,-24,-24,-24,-24
54,-18,-18,-18,-18,-18,-18,-17,-17,-16,-16,-31,-31,-26,-26,-30,-30,-25,-25,-12,-12,-8,-8,-7,-7
55,-22,-22,-22,-22,-22,-22,-13,-13,-7,-7,-62,-62,-60,-60,-64,-64,-51,-51,-47,-47,-50,-50,-54,-54
56,-11,-11,-10,-10,-10,-10,-8,-8,-9,-9,-8,-8,-9,-9,-10,-10,-6,-4,-6,-5,-11,-11,-12,-12
57,-21,-21,-17,-17,-17,-17,-15,-15,-17,-17,-30,-30,-26,-26,-26,-23,-18,-15,-12,-12,-8,-4,-9,-9
58,-12,-12,-13,-13,-14,-14,-12,-12,-10,-10,-14,-14,-13,-13,-18,-18,-15,-15,-14,-14,-21,-21,-28,-28
60,-12,-12,-13,-13,-12,-12,-10,-10,-6,-6,-3,-3,0,0,-5,-5,-1,-1,2,2,-3,-3,-4,-4
61,-22,-22,-23,-23,-23,-23,-22,-22,-18,-17,-14,-8,-7,-7,-6,-6,-2,-2,-5,-5,-9,-9,-15,-15
62,-16,-16,-15,-15,-16,-16,-14,-14,-9,-9,-6,-6,-4,-4,-3,-3,-4,-4,-3,-3,0,0,-1,-1
63,-17,-17,-18,-18,-16,-16,-13,-13,-3,-1,3,-2,0,0,-1,-1,-2,-2,0,0,-9,-9,-11,-11
64,-16,-16,-17,-17,-17,-17,-17,-17,-23,-23,-39,-39,-39,-39,-38,-38,-25,-25,-35,-35,-36,-36,-33,-33
65,-10,-10,-12,-12,-12,-12,-11,-11,-8,-4,-6,0,-3,-2,-4,-3,-2,-1,4,1,-3,-3,-5,-5
66,-26,-26,-27,-27,-28,-28,-27,-27,-34,-34,-125,-125,-128,-128,-127,-127,-112,-112,-84,-84,-67,-67,-64,-64
67,-19,-19,-20,-20,-20,-20,-19,-19,-25,-25,-48,-48,-51,-51,-48,-48,-36,-36,-20,-20,-23,-23,-25,-25
68,-18,-18,-18,-18,-18,-18,-16,-16,-20,-20,-42,-42,-41,-41,-42,-42,-29,-29,-24,-24,-19,-19,-18,-18
70,-15,-15,-14,-14,-15,-15,-14,-8,-6,1,1,-1,1,-1,2,0,0,0,-1,-1,-6,-6,-4,-4
71,-22,-22,-23,-23,-23,-23,-21,-21,-50,-50,-122,-122,-114,-114,-115,-115,-107,-107,-79,-79,-64,-64,-62,-62
72,-11,-11,-11,-11,-11,-11,-10,-10,-8,-8,-23,-23,-21,-21,-21,-21,-17,-17,-7,-7,-10,-10,-8,-8
73,-22,-22,-21,-21,-23,-23,-19,-19,-18,-18,-46,-46,-45,-45,-46,-46,-40,-40,-32,-32,-35,-35,-34,-34
74,-10,-10,-10,-10,-13,-13,-10,-10,-4,-4,-9,-9,-6,-6,-7,-7,0,-1,-8,-8,-12,-12,-12,-12
75,-12,-12,-12,-12,-10,-10,-10,-10,-5,-5,-12,-7,-4,-3,-7,2,3,-2,4,4,2,1,0,0
76,-14,-14,-14,-14,-14,-14,-13,-13,-10,-10,-12,-12,-13,-13,-12,-12,-11,-11,-12,-12,-11,-11,-13,-13
77,-17,-17,-19,-19,-19,-19,-18,-18,-14,-11,-10,1,-6,-6,-2,-5,1,1,2,2,6,1,0,0
78,-11,-11,-10,-10,-11,-11,-10,-10,-5,-5,-12,-12,-15,-15,-15,-11,-7,-4,-3,-3,-5,-5,-6,-6
80,-30,-30,-30,-30,-31,-31,-29,-29,-21,-21,-22,-22,-25,-25,-27,-27,-25,-25,-23,-23,-24,-24,-24,-24
81,-12,-12,-12,-12,-11,-11,-9,-9,-8,-8,-17,-17,-14,-14,-19,-19,-11,-11,-7,-7,-18,-18,-16,-16
82,-10,-10,-10,-10,-10,-10,-10,-10,-10,-10,-17,-17,-15,-15,-17,-17,-8,-8,-9,-9,-11,-11,-11,-11
84,-17,-17,-17,-17,-17,-17,-16,-16,-23,-23,-40,-40,-44,-44,-41,-41,-33,-33,-19,-19,-22,-22,-23,-23
85,-27,-27,-29,-29,-28,-28,-24,-24,-13,-10,-10,-8,-6,-6,-8,-6,1,0,7,6,4,4,-4,-4
86,-16,-16,-16,-16,-16,-16,-13,-13,-5,-5,-2,-2,-1,-1,0,0,1,1,1,1,-4,-4,-7,-7
87,-11,-11,-11,-11,-11,-11,-8,-7,-5,-5,-24,-24,-23,-23,-27,-27,-23,-23,-20,-20,-14,-14,-17,-17
88,-16,-16,-17,-17,-17,-17,-17,-17,-16,-16,-30,-30,-34,-34,-32,-32,-33,-33,-30,-30,-30,-30,-32,-32
89,-12,-12,-11,-11,-12,-12,-8,-6,2,-1,5,-1,-3,-3,-3,-3,-5,-5,-9,-8,-11,-11,-12,-12
90,-18,-18,-18,-18,-18,-18,-18,-18,-16,-16,-15,-15,-15,-15,-13,-13,-13,-13,-12,-12,-11,-11,-12,-12
91,-14,-14,-14,-14,-14,-14,-11,-11,-4,-4,4,-1,0,0,-1,-1,-4,-4,-7,-7,-13,-13,-14,-14
92,-28,-28,-29,-29,-29,-29,-27,-27,-23,-23,-21,-21,-19,-19,-18,-18,-14,-14,-20,-20,-24,-24,-26,-26
93,-25,-25,-25,-25,-25,-25,-20,-20,-5,-5,-5,-2,0,-1,4,0,-1,3,2,2,-1,-1,-2,-2
94,-16,-16,-17,-17,-16,-16,-9,-9,0,-1,4,-2,1,1,-2,-2,-3,-3,-1,-1,-10,-10,-13,-13
95,-9,-9,-9,-9,-8,-8,-5,-5,1,1,-8,-8,-5,-5,-9,-9,-9,-9,-6,-6,-6,-6,-8,-8
96,-17,-17,-18,-18,-18,-18,-17,-17,-14,-14,-12,-7,-5,0,-1,0,0,2,2,2,0,0,0,0
97,-11,-11,-13,-13,-13,-13,-12,-12,-9,-9,-9,-9,-11,-11,-15,-15,-17,-17,-17,-17,-18,-18,-19,-19
98,-35,-35,-31,-31,-31,-31,-29,-29,-25,-25,-28,-28,-32,-32,-29,-29,-19,-19,-10,-10,-4,-4,-3,-3
99,-8,-8,-14,-14,-14,-14,-10,-10,-12,-12,-16,-16,-19,-19,-15,-15,-19,-19,-9,-9,-15,-15,-19,-19
100,-14,-14,-14,-14,-17,-17,-16,-16,-21,-21,-19,-19,-18,-18,-19,-19,-13,-13,-8,-8,-14,-14,-15,-15
101,-14,-14,-16,-16,-16,-16,-8,-8,3,3,-24,-24,-27,-27,-29,-29,-12,-12,-12,-12,-22,-22,-15,-15
102,-10,-10,-9,-9,-9,-9,-4,-4,-4,-4,-25,-25,-23,-23,-21,-21,-10,-10,-2,-2,-11,-11,-12,-12
103,-12,-12,-13,-13,-13,-13,-11,-11,-9,-9,-3,-3,-4,-4,-5,-5,-7,-3,-2,-2,-8,-8,-7,-7
104,-22,-22,-22,-22,-22,-22,-17,-17,10,10,-21,-21,-18,-18,-17,-17,-8,-8,-29,-29,-33,-33,-35,-35
105,-16,-16,-17,-17,-17,-17,-16,-16,-10,-9,-3,-2,5,1,0,1,1,-1,-1,-1,-9,-9,-9,-9
106,-13,-13,-14,-14,-14,-14,-14,-14,-14,-14,-23,-23,-22,-22,-21,-21,-15,-15,-7,-7,-6,-6,-7,-7
107,-14,-14,-16,-16,-17,-17,-10,-10,-1,-1,-4,-4,-1,1,3,-1,1,-2,-1,-1,-4,-4,-9,-9
108,-19,-19,-18,-18,-18,-18,-17,-17,-21,-21,-43,-43,-44,-44,-46,-46,-34,-27,-20,-20,-25,-25,-25,-25
109,-34,-34,-35,-35,-38,-38,-37,-37,-39,-39,-88,-88,-86,-86,-87,-87,-71,-71,-44,-44,-48,-48,-54,-54
110,-10,-10,-14,-14,-14,-14,-12,-12,-8,-8,-5,1,1,1,1,1,-1,-1,1,1,1,1,-1,-1
111,-17,-17,-15,-15,-14,-14,-14,-14,-14,-14,-6,-9,0,-4,-13,-13,-9,-9,8,8,-9,-9,-24,-24
112,-29,-29,-29,-29,-29,-29,-29,-29,-38,-38,-65,-65,-64,-64,-63,-63,-48,-48,-18,-18,-28,-28,-28,-28
113,-11,-11,-11,-11,-12,-12,-10,-10,-11,-11,-10,-10,-15,-15,-13,-13,-11,-11,-10,-10,-12,-12,-13,-13
114,-14,-14,-14,-14,-15,-15,-13,-13,-8,-8,-8,-8,-2,-2,-3,-7,1,1,0,0,-9,-9,-12,-12
115,-23,-23,-24,-24,-24,-24,-23,-23,-21,-21,-24,-24,-23,-23,-21,-16,-9,-8,-3,-3,1,1,1,1
116,-13,-13,-12,-12,-12,-12,-12,-12,-14,-14,-34,-34,-31,-31,-31,-31,-19,-19,-13,-13,-25,-25,-27,-27
117,-17,-17,-17,-17,-17,-17,-13,-13,-3,-3,0,0,0,0,-4,-4,-3,-3,-2,-2,-5,-5,-3,-3
118,-8,-8,-10,-10,-11,-11,-10,-10,-9,-9,-16,-16,-15,-15,-16,-16,-12,-12,-9,-9,-10,-10,-10,-10
119,-11,-11,-14,-14,-13,-13,-9,-9,-4,-4,-8,-8,-5,-5,-7,-4,-6,-6,3,3,-3,-3,-5,-5
120,-11,-11,-11,-11,-11,-11,-11,-11,-23,-23,-25,-25,-26,-26,-26,-26,-18,-18,-12,-12,-12,-12,-12,-12
121,-15,-15,-15,-15,-15,-15,-13,-13,-15,-15,-23,-23,-20,-20,-19,-19,-11,-11,-11,-11,-7,-7,-8,-8
122,-15,-15,-14,-14,-16,-16,-15,-15,-21,-21,-31,-31,-26,-26,-23,-23,-15,-15,-13,-13,-13,-13,-15,-15
123,-11,-11,-13,-13,-13,-13,-11,-11,-7,-7,-7,-7,-7,-7,-5,0,2,-1,4,3,2,2,1,1
124,-14,-14,-14,-14,-15,-15,-14,-14,-11,-11,-11,-11,-9,-9,-7,-5,-6,-6,-7,-7,-9,-9,-10,-10
125,-12,-12,-15,-15,-16,-16,-14,-14,-13,-13,-22,-22,-20,-20,-20,-20,-17,-17,-8,-8,-18,-18,-16,-16
126,-35,-35,-36,-36,-36,-36,-35,-35,-38,-38,-75,-75,-73,-73,-69,-69,-57,-57,-42,-42,-37,-37,-37,-37
127,-11,-11,-11,-11,-11,-11,-10,-10,-27,-27,-24,-24,-21,-21,-21,-21,-13,-13,-7,-7,-9,-9,-10,-10
128,-14,-14,-14,-14,-17,-17,-15,-15,-10,-10,-6,-6,-3,-3,-2,-2,-2,-1,-1,-1,-6,-6,-14,-14
129,-11,-11,-12,-12,-12,-12,-11,-11,-14,-14,-27,-27,-24,-24,-27,-27,-25,-25,-21,-21,-25,-25,-26,-26
130,-10,-10,-19,-19,-22,-22,-16,-16,-17,-17,-21,-21,-23,-23,-22,-22,-20,-20,-11,-11,-21,-21,-25,-25
131,-10,-10,-11,-11,-11,-11,-9,-9,-6,-6,-3,-3,-4,-4,-3,-3,-1,-1,2,2,0,0,-1,-1
132,-18,-18,-11,-11,-12,-12,-7,-9,1,1,-12,-12,-13,-13,-15,-15,-19,-19,-11,-11,-29,-29,-30,-30
133,-11,-11,-12,-12,-12,-12,-11,-11,-12,-12,-29,-29,-22,-22,-21,-21,-8,-3,-13,-13,-14,-14,-27,-27
134,-14,-14,-14,-14,-14,-14,-13,-13,-9,-8,-9,-7,-5,-4,-2,-2,2,2,-2,-1,-4,-4,-3,-3
135,-13,-13,-12,-12,-12,-12,-10,-10,-5,-5,-26,-26,-20,-20,-25,-25,-22,-22,-8,-8,-11,-11,-11,-11
136,-20,-20,-21,-21,-22,-22,-22,-22,-29,-29,-51,-51,-48,-48,-58,-58,-50,-50,-33,-33,-37,-37,-33,-33
138,-12,-12,-13,-13,-13,-13,-12,-12,-9,-9,-13,-13,-10,-10,-11,-11,-6,-6,-19,-19,-10,-10,-11,-11
139,-12,-12,-12,-12,-12,-12,-9,-9,-12,-12,-10,-10,-9,-9,-9,-7,-5,-1,-3,-2,-3,-3,-5,-5
140,-23,-23,-23,-23,-23,-23,-18,-18,-20,-20,-42,-42,-45,-45,-43,-43,-38,-38,-25,-25,-29,-29,-30,-30
141,-20,-20,-19,-19,-20,-20,-21,-21,-24,-24,-35,-35,-30,-30,-25,-25,-18,-18,-21,-21,-22,-22,-25,-25
142,-15,-15,-16,-16,-16,-16,-14,-14,-7,-7,-2,-2,-6,-6,-5,-5,-6,-6,-9,-9,-12,-12,-19,-19
143,-15,-15,-16,-16,-16,-16,-15,-15,-19,-19,-23,-23,-23,-23,-25,-25,-22,-22,-19,-19,-23,-23,-23,-23
144,-31,-31,-31,-31,-30,-30,-28,-28,-10,-10,-6,-6,-6,-6,1,1,-6,-6,-2,-2,-14,-14,-17,-17
145,-16,-16,-16,-16,-16,-16,-15,-15,-16,-16,-15,-15,-15,-15,-15,-15,-17,-17,-15,-15,-16,-16,-18,-18
146,-22,-22,-25,-25,-24,-24,-24,-24,-22,-22,-20,-14,-14,-10,-9,-9,-7,-7,-8,-8,-13,-13,-18,-18
148,-10,-10,-13,-13,-13,-13,-11,-11,-5,-5,2,-1,1,1,-1,1,4,1,1,1,-11,-11,-10,-10
149,-12,-12,-11,-11,-12,-12,-9,-9,-2,-2,-4,-4,-1,1,0,0,0,0,0,0,-1,-1,-6,-6
150,-18,-18,-20,-20,-20,-20,-19,-19,-18,-18,-25,-25,-24,-24,-27,-27,-25,-25,-23,-23,-20,-20,-24,-24
151,-18,-18,-17,-17,-17,-17,-16,-16,-13,-13,-15,-15,-14,-14,-15,-15,-14,-13,-13,-13,-16,-16,-17,-17
152,-14,-14,-15,-15,-17,-17,-14,-14,-7,-7,-2,-2,-4,-4,0,0,3,2,3,3,-8,-8,-18,-18
153,-15,-15,-16,-16,-18,-18,-11,-11,0,-3,6,-6,1,4,5,-3,-1,4,2,2,-16,-16,-25,-25
154,-24,-24,-24,-24,-24,-33,-2,-72,35,-50,6,0,3,2,-2,-1,-12,-12,-196,-196,-292,-292,-291,-291
155,-13,-13,-15,-15,-15,-15,-12,-12,-7,-7,-4,-4,-1,-1,-2,-2,-3,-3,1,1,-1,-1,-6,-6
156,-22,-22,-23,-23,-24,-24,-21,-21,-15,-15,-12,-6,-4,-4,-4,-4,-2,-2,-5,-5,-7,-7,-11,-11
157,-23,-23,-23,-23,-25,-25,-23,-23,-20,-20,-31,-31,-27,-27,-28,-28,-21,-21,-15,-15,-21,-21,-23,-23
158,-11,-11,-11,-11,-9,-9,-11,-11,-6,-6,-4,-4,-4,-4,0,1,2,0,0,0,-4,-4,-7,-7
159,-26,-26,-26,-26,-27,-27,-26,-26,-27,-27,-61,-61,-63,-63,-65,-65,-49,-49,-35,-35,-46,-46,-46,-46
160,-13,-13,-17,-17,-15,-15,-14,-14,-19,-19,-32,-32,-28,-28,-25,-25,-24,-24,-14,-14,-26,-26,-26,-26
161,-10,-10,-12,-12,-12,-12,-10,-10,-5,-2,1,0,3,-1,0,0,-3,-3,-2,-2,-3,-3,-3,-3
162,-13,-13,-13,-13,-13,-13,-13,-13,-18,-18,-26,-26,-30,-30,-27,-27,-18,-18,-15,-15,-15,-15,-16,-16
163,-16,-16,-16,-16,-17,-17,-16,-16,-13,-13,-29,-29,-28,-28,-28,-28,-29,-29,-23,-23,-20,-20,-25,-25
164,-11,-11,-12,-12,-12,-12,-11,-11,-3,-3,2,0,2,1,1,1,1,2,2,2,-8,-8,-10,-10
165,-10,-10,-10,-10,-10,-10,-9,-9,-7,-7,-3,0,0,1,0,0,1,0,1,1,1,1,0,0
166,-17,-17,-16,-16,-16,-16,-18,-18,-20,-20,-23,-22,-19,-14,-17,-17,-19,-19,-20,-20,-18,-18,-20,-20
167,-12,-12,-12,-12,-12,-12,-6,-11,3,3,-6,-6,2,-1,2,0,-2,-2,-11,-11,-19,-19,-15,-15
168,-13,-13,-13,-13,-13,-13,-13,-13,-13,-13,-14,-14,-14,-14,-10,-10,-11,-11,-14,-14,-14,-14,-13,-13
169,-10,-10,-10,-10,-11,-11,-9,-9,-5,-3,-14,-4,-1,-1,2,0,3,-1,4,4,0,0,-13,-13
170,-21,-21,-21,-21,-21,-21,-17,-17,-12,-12,-13,-10,-10,-10,-7,-5,-4,-1,2,1,-2,-2,-2,-2
171,-8,-8,-7,-7,-7,-7,-6,-6,-3,-3,0,0,0,1,3,-1,0,0,-3,-3,-6,-6,-3,-3
172,-12,-12,-12,-12,-12,-12,-11,-11,-9,-9,-16,-16,-17,-17,-13,-13,-10,-10,-9,-9,-12,-12,-11,-11
173,-8,-8,-7,-7,-7,-7,-3,-4,6,3,1,0,2,0,5,1,1,1,-9,-9,-18,-18,-18,-18
174,-24,-24,-24,-24,-25,-25,-24,-24,-24,-24,-37,-37,-42,-42,-44,-44,-41,-41,-31,-31,-26,-26,-25,-25
175,-18,-18,-17,-17,-17,-17,-16,-16,-27,-27,-50,-50,-48,-48,-47,-47,-38,-38,-27,-27,-30,-30,-30,-30
176,-16,-16,-16,-16,-16,-16,-14,-14,-9,-9,-3,-4,-1,1,1,-2,2,3,0,0,-1,-1,-2,-2
177,-16,-16,-17,-17,-17,-17,-8,-10,3,3,-4,-4,-4,0,-4,-7,-3,-3,-18,-18,-22,-22,-28,-28
178,-12,-12,-13,-13,-13,-13,-7,-7,3,-1,2,-2,-2,-1,-4,0,-1,-1,-6,-6,-14,-14,-14,-14
180,-11,-11,-11,-11,-11,-11,-12,-12,-12,-12,-18,-18,-19,-19,-11,-11,-19,-19,-8,-8,-7,-7,-6,-6
181,-13,-13,-13,-13,-14,-14,-14,-14,-12,-12,-19,-19,-18,-18,-16,-16,-12,-12,-8,-8,-8,-8,-9,-9
182,-12,-12,-11,-11,-12,-12,-7,-6,-2,3,3,1,0,1,-2,-2,-4,-4,-4,-4,-7,-7,-9,-9
183,-16,-16,-17,-17,-16,-16,-13,-13,-7,-7,-5,-5,-1,-1,-4,-4,-8,-8,-9,-9,-15,-15,-24,-24
184,-23,-23,-23,-23,-23,-23,-21,-21,-20,-20,-27,-27,-26,-26,-20,-20,-16,-16,-13,-13,-12,-12,-15,-15
185,-7,-7,-8,-8,-7,-7,-4,-4,2,-3,-1,-2,-3,-2,-4,-4,-5,-5,-6,-6,-7,-7,-12,-12
186,-11,-11,-11,-11,-10,-10,-6,-7,10,3,5,0,4,2,3,-4,0,4,-9,-9,-13,-13,-24,-24
191,-18,-18,-18,-18,-19,-19,-17,-17,-5,-6,-13,-13,-1,-1,-13,-13,-9,-9,-9,-9,0,0,-14,-14
192,-7,-7,-9,-9,-10,-10,-9,-9,-8,-8,-20,-20,-12,-12,-9,-9,-9,-9,-9,-9,-23,-23,-22,-22
193,-41,-41,-42,-42,-43,-43,-41,-41,-42,-42,-72,-72,-69,-69,-68,-68,-63,-63,-48,-48,-45,-45,-49,-49
199,-15,-15,-16,-16,-16,-16,-12,-12,-24,-24,-47,-47,-49,-49,-47,-47,-32,-32,-28,-28,-35,-35,-34,-34
200,-7,-7,-10,-10,-10,-10,-6,-6,1,0,0,0,3,-2,0,0,-2,-2,-7,-7,-16,-16,-14,-14
202,-24,-24,-25,-25,-25,-25,-18,-18,-9,-8,-28,-28,-30,-30,-28,-28,-26,-26,-17,-17,-23,-23,-26,-26
203,-9,-9,-9,-9,-11,-11,-8,-8,-4,-4,-20,-20,-21,-21,-18,-18,-8,-8,-11,-11,-20,-20,-18,-18
204,-13,-13,-14,-14,-14,-14,-11,-11,-3,-3,-5,-2,0,0,-4,-2,-1,-1,-3,-3,-1,-1,0,0
206,-23,-23,-20,-20,-21,-21,-20,-20,-13,-13,-20,-20,-20,-20,-21,-21,-20,-20,-17,-17,-17,-17,-21,-21
207,-12,-12,-11,-11,-10,-10,-10,-10,-10,-10,-11,-11,-12,-12,-11,-11,-10,-10,-8,-8,-9,-9,-8,-8
208,-14,-14,-14,-14,-14,-14,-13,-13,-13,-13,-10,-10,-11,-11,-10,-10,-10,-10,-12,-12,-13,-13,-12,-12
209,-21,-21,-21,-21,-21,-21,-20,-20,-19,-19,-22,-22,-22,-22,-21,-21,-19,-19,-19,-19,-20,-20,-22,-22
210,-13,-13,-12,-12,-12,-12,-12,-12,-15,-15,-28,-28,-27,-27,-23,-23,-15,-15,-14,-14,-14,-14,-15,-15
211,-23,-23,-23,-23,-23,-23,-23,-23,-27,-27,-36,-36,-34,-34,-34,-34,-29,-29,-16,-16,-20,-20,-20,-20
212,-11,-11,-11,-11,-11,-11,-10,-10,-7,-7,-7,-7,-6,-6,-4,-4,-4,-1,1,1,-4,-4,-6,-6
213,-21,-21,-25,-25,-25,-25,-24,-24,-21,-21,-16,-16,-15,-15,-11,-11,-1,-1,-5,-5,-22,-22,-25,-25
214,-21,-21,-21,-21,-20,-20,-12,-12,0,0,4,1,-3,2,1,0,-1,-1,-23,-23,-39,-39,-39,-39
215,-37,-37,-37,-37,-37,-37,-32,-32,-46,-46,-86,-86,-86,-86,-78,-78,-66,-66,-46,-46,-54,-54,-55,-55
216,-19,-19,-17,-17,-16,-16,-13,-13,-14,-14,-12,-12,-11,-11,-16,-16,-14,-14,-16,-16,-32,-32,-30,-30
217,-10,-10,-10,-10,-11,-11,-1,-2,-1,-1,-25,-25,-24,-24,-26,-26,-24,-24,-19,-19,-23,-23,-23,-23
218,-14,-14,-13,-13,-14,-14,-13,-13,-19,-19,-20,-20,-17,-17,-16,-16,-15,-15,-10,-10,-12,-12,-13,-13
219,-20,-20,-20,-20,-20,-20,-17,-17,-9,-9,-5,-5,-1,1,4,-1,-1,0,-7,-7,-21,-21,-20,-20
220,-18,-18,-17,-17,-17,-17,-15,-15,-14,-14,-15,-15,-17,-17,-16,-16,-12,-12,-11,-11,-14,-14,-14,-14
221,-11,-11,-9,-9,-10,-10,-9,-9,-10,-10,-25,-25,-26,-26,-28,-28,-23,-23,-18,-18,-20,-20,-22,-22
222,-28,-28,-25,-25,-26,-26,-25,-25,-25,-24,-20,-20,-15,-15,-15,-15,-2,-2,7,7,1,1,-4,-4
223,-16,-16,-17,-17,-17,-17,-14,-14,-3,-3,5,-1,-3,-1,0,0,3,1,1,1,-2,-2,-4,-4
224,-9,-9,-7,-7,-6,-6,-6,-6,-2,-3,1,-1,0,3,4,2,0,-3,0,0,-15,-15,-26,-26
225,-20,-20,-20,-20,-21,-21,-18,-18,-20,-20,-16,-16,-12,-10,-8,0,0,-2,-4,-4,-8,-8,-11,-11
226,-14,-14,-15,-15,-16,-16,-16,-16,-19,-19,-35,-35,-37,-37,-37,-37,-37,-37,-24,-24,-26,-26,-27,-27
227,-15,-15,-16,-16,-16,-16,-12,-12,-5,-2,2,-1,1,1,2,-1,0,3,3,3,2,2,0,0
228,-27,-27,-28,-28,-28,-28,-28,-28,-46,-46,-82,-82,-92,-92,-100,-100,-91,-91,-81,-81,-93,-93,-96,-96
229,-12,-12,-15,-15,-15,-15,-14,-14,-19,-18,-31,-31,-24,-24,-20,-20,-10,-10,-10,-10,-20,-20,-17,-17
230,-19,-19,-20,-20,-21,-21,-19,-19,-16,-16,-28,-28,-28,-28,-32,-27,-23,-23,-19,-19,-25,-25,-18,-18
231,-21,-21,-21,-21,-20,-20,-20,-20,-20,-20,-21,-21,-22,-22,-20,-20,-17,-17,-18,-18,-17,-17,-19,-19
232,-11,-11,-11,-11,-11,-11,-11,-11,-14,-14,-22,-22,-24,-24,-23,-23,-20,-20,-9,-9,-12,-12,-12,-12
233,-8,-8,-13,-13,-13,-13,-15,-15,-16,-16,-30,-30,-29,-29,-28,-28,-23,-23,-22,-22,-20,-20,-18,-18
234,-14,-14,-15,-15,-16,-16,-14,-9,-4,0,3,-1,2,2,1,4,5,0,-5,-5,-9,-9,-23,-23
235,-25,-25,-25,-25,-27,-27,-25,-25,-18,-18,-7,-2,0,0,-4,-4,1,1,-6,-6,-12,-12,-11,-11
236,-21,-21,-23,-23,-22,-22,-21,-21,-18,-18,-26,-26,-31,-31,-33,-33,-31,-31,-25,-25,-31,-31,-28,-28
237,-20,-20,-21,-21,-21,-21,-18,-18,-13,-13,-10,-10,-9,-9,-4,-4,-1,-1,3,3,-8,-8,-18,-18
238,-21,-21,-22,-22,-22,-22,-21,-21,-17,-17,-15,-10,-9,-6,-5,0,-1,-1,0,0,-5,-5,-6,-6
239,-17,-17,-15,-15,-16,-16,-15,-15,-9,-9,-23,-23,-26,-26,-26,-26,-19,-19,-15,-15,-15,-15,-17,-17
240,-9,-9,-9,-9,-9,-9,-9,-1,0,3,-1,-1,-1,-1,0,0,-1,0,4,2,1,1,-1,-1
242,-16,-16,-16,-16,-16,-16,-16,-16,-11,-11,-13,-13,-15,-15,-10,-10,-4,-4,-1,-1,-7,-7,-9,-9
243,-16,-16,-17,-17,-15,-15,-11,-11,-3,-2,1,-4,-1,0,-4,-2,1,1,-3,-3,-10,-10,-5,-5
244,-10,-10,-12,-12,-12,-12,-12,-12,-17,-17,-27,-27,-24,-24,-22,-22,-11,-11,-11,-11,-16,-16,-16,-16
245,-19,-19,-22,-22,-23,-23,-22,-22,-17,-12,-7,-6,-4,-3,-1,-3,3,-1,1,1,4,4,-4,-4
246,-27,-27,-29,-29,-30,-30,-27,-27,-23,-23,-51,-51,-48,-48,-53,-53,-41,-41,-29,-29,-28,-28,-29,-29
247,-34,-34,-35,-35,-35,-35,-33,-33,-29,-29,-29,-29,-27,-27,-30,-30,-25,-25,-24,-24,-26,-26,-25,-25
248,-18,-18,-18,-18,-17,-17,-15,-15,-15,-15,-9,-7,4,2,8,-8,-8,-8,-29,-29,-18,-18,-34,-34
249,-28,-28,-29,-29,-29,-29,-27,-27,-25,-25,-28,-28,-28,-28,-30,-30,-26,-26,-29,-29,-33,-33,-35,-35
250,-7,-7,-7,-7,-7,-7,-7,-7,-7,-7,-13,-13,-14,-14,-18,-18,-12,-12,-18,-18,-18,-18,-22,-22
251,-21,-21,-21,-21,-24,-24,-20,-20,-43,-43,-78,-78,-81,-81,-87,-87,-61,-61,-71,-71,-84,-84,-90,-90
252,-14,-14,-16,-16,-16,-16,-16,-4,2,5,-2,2,-1,2,4,-1,0,0,-3,-3,-14,-14,-20,-20
253,-20,-20,-22,-22,-22,-22,-17,-17,-4,-2,4,-3,-1,-3,1,1,0,0,2,2,-3,-3,-8,-8
254,-11,-11,-11,-11,-11,-11,-6,-6,2,2,-1,-1,-2,-2,3,-4,4,-1,-1,-1,-6,-5,-10,-10
255,-15,-15,-15,-15,-16,-16,-13,-13,-3,-3,3,-4,-1,-1,-4,1,2,2,0,0,-10,-10,-11,-11
256,-9,-9,-10,-10,-10,-10,-10,-10,-11,-11,-19,-19,-18,-18,-18,-18,-15,-15,-11,-11,-10,-10,-10,-10
257,-11,-11,-10,-10,-10,-10,-9,-9,-7,-7,-5,-5,-9,-9,-8,-2,3,1,2,1,0,0,-3,-3
258,-15,-15,-18,-18,-18,-18,-18,-18,-16,-16,-18,-18,-16,-16,-17,-17,-17,-17,-16,-16,-15,-15,-17,-17
260,-10,-10,-12,-12,-12,-12,-12,-12,-10,-10,-25,-25,-25,-25,-18,-18,-13,-13,-16,-16,-18,-18,-17,-17
261,-10,-10,-10,-10,-10,-10,-7,-7,-3,-3,2,1,1,1,-1,2,1,-1,2,2,-4,-4,-5,-5
262,-24,-24,-24,-24,-24,-24,-22,-22,-19,-19,-20,-20,-19,-19,-21,-21,-17,-17,-15,-15,-17,-17,-21,-21
263,-14,-14,-14,-14,-13,-13,-11,-11,-14,-14,-34,-34,-31,-31,-26,-26,-21,-21,-20,-20,-26,-26,-26,-26
264,-12,-12,-14,-14,-14,-14,-12,-12,-7,-7,-15,-15,-15,-15,-18,-18,-19,-19,-8,-7,-2,-2,-4,-4
265,-9,-9,-11,-11,-12,-12,-7,-7,-1,-3,6,0,-2,-2,-1,1,3,3,1,1,-2,-2,-4,-4
266,-27,-27,-27,-27,-28,-28,-27,-27,-27,-27,-28,-27,-28,-26,-24,-13,-14,-7,0,0,1,1,0,0
267,-15,-15,-15,-15,-15,-15,-13,-13,-4,-4,2,0,3,2,-1,-1,0,0,2,2,0,0,-5,-5
268,-19,-19,-21,-21,-21,-21,-13,-13,-2,-2,1,0,4,0,3,-3,0,0,-18,-18,-25,-25,-22,-22
269,-31,-31,-33,-33,-32,-32,-28,-28,-15,-15,-21,-21,-16,-16,-16,-16,-14,-14,-18,-18,-26,-26,-28,-28
270,-18,-18,-23,-23,-22,-22,-15,-15,0,0,-13,-13,-14,-14,-17,-17,-6,-5,-6,-6,-23,-23,-27,-27
271,-22,-22,-22,-22,-22,-22,-21,-21,-17,-17,-16,-16,-16,-16,-11,-11,-11,-11,-4,-4,-11,-11,-11,-11
272,-12,-12,-14,-14,-14,-14,-8,-8,2,7,6,0,0,0,-2,-4,1,1,-15,-15,-21,-21,-18,-18
273,-25,-25,-26,-26,-26,-26,-26,-6,0,6,-4,2,1,1,2,-2,-3,-3,-9,-9,-13,-13,-9,-9
274,-25,-25,-26,-26,-27,-27,-26,-26,-25,-25,-23,-23,-23,-23,-20,-20,-18,-18,-19,-19,-22,-22,-23,-23
275,-13,-13,-13,-13,-13,-13,-13,-13,-14,-14,-26,-26,-25,-25,-25,-25,-20,-20,-7,-7,-12,-12,-13,-13
276,-16,-16,-16,-16,-16,-16,-15,-15,-18,-18,-33,-33,-34,-34,-29,-29,-20,-20,-16,-16,-13,-13,-16,-16
277,-10,-10,-10,-10,-10,-10,-10,-10,-5,-5,-1,-1,-3,-3,-2,-2,2,-3,-7,-7,-5,-5,-11,-11
278,-6,-6,-6,-6,-7,-7,-7,-7,-10,-10,-18,-18,-17,-17,-15,-14,-4,-4,-7,-7,1,1,-1,0
279,-17,-17,-17,-17,-16,-16,-12,-7,-1,6,2,0,2,2,2,-3,0,2,-12,-12,-14,-14,-14,-14
280,-6,-6,-7,-7,-7,-7,-7,-7,-5,-5,-10,-10,-9,-9,-6,-6,-11,-11,-12,-12,-15,-15,-20,-20
281,-12,-12,-12,-12,-12,-12,-11,-11,-15,-15,-33,-33,-34,-34,-35,-35,-23,-23,-18,-18,-23,-23,-28,-28
282,-26,-26,-30,-30,-29,-29,-27,-27,-25,-25,-26,-26,-19,-19,-22,-22,-21,-21,-14,-14,-17,-17,-18,-18
283,-11,-11,-11,-11,-11,-11,-11,-11,-13,-13,-17,-17,-19,-19,-17,-17,-15,-15,-14,-14,-11,-11,-10,-10
284,-13,-13,-14,-14,-13,-13,-10,-3,3,1,2,0,2,2,0,-1,-2,0,-3,-3,-9,-9,-10,-10
286,-24,-24,-24,-24,-23,-23,-22,-22,-21,-21,-12,-4,-3,-3,-5,-5,1,1,-1,-1,-5,-5,-8,-8
287,-16,-16,-16,-16,-16,-16,-16,-16,-15,-15,-21,-21,-20,-20,-23,-23,-18,-18,-16,-15,-18,-18,-18,-18
288,-22,-22,-22,-22,-24,-24,-21,-16,-12,-12,-13,-12,-5,1,-1,-5,0,2,5,5,-3,-3,-7,-7
289,-10,-10,-10,-10,-10,-10,-10,-10,-11,-11,-21,-21,-25,-25,-23,-23,-20,-20,-17,-17,-18,-18,-17,-17
290,-8,-8,-9,-9,-10,-10,-2,-6,9,-1,-2,1,-1,2,-4,1,-9,-2,-13,-13,-30,-30,-32,-32
291,-22,-22,-22,-22,-22,-22,-21,-21,-15,-15,-12,-6,-7,-7,-4,-2,-5,-1,0,0,-2,-2,-2,-2
292,-10,-10,-12,-12,-13,-13,-11,-11,-14,-14,-20,-20,-19,-19,-20,-20,-8,-8,-16,-16,-26,-26,-30,-30
293,-17,-17,-16,-16,-16,-16,-14,-14,-7,-7,-2,-2,0,0,0,0,0,0,-2,-2,-10,-10,-12,-12
294,-11,-11,-10,-10,-9,-9,-4,-7,1,-1,5,-1,0,-1,2,-2,0,0,2,2,-6,-6,-9,-9
295,-17,-17,-18,-18,-17,-17,-15,-15,-9,-9,-9,-9,-10,-10,-9,-9,-10,-10,-8,-8,-8,-8,-11,-11
296,-11,-11,-11,-11,-13,-13,-10,-10,-6,-6,-6,-6,-7,-7,-4,2,-2,-2,-4,-4,-8,-8,-6,-6
297,-11,-11,-10,-10,-11,-11,-10,-10,-7,-7,-5,-5,-5,-5,-4,-4,-2,-2,-4,-4,-11,-11,-12,-12
298,-13,-13,-13,-13,-12,-12,-5,-7,9,3,1,0,-2,-2,-4,-4,-4,-4,-14,-14,-22,-22,-20,-20
299,-13,-13,-13,-13,-13,-13,-12,-12,-10,-10,-11,-9,-12,-12,-11,-8,-9,-9,-5,-5,-8,-8,-8,-8
301,-14,-14,-14,-14,-15,-15,-14,-14,-14,-14,-28,-28,-25,-25,-26,-26,-24,-24,-16,-16,-24,-24,-24,-24
302,-19,-19,-19,-19,-19,-19,-18,-18,-14,-14,-9,-9,-10,-10,-14,-14,-12,-12,-16,-16,-16,-16,-17,-17
303,-18,-18,-18,-18,-18,-18,-12,-12,-9,-9,-8,-9,6,1,-6,-6,-6,-6,-3,-3,-23,-23,-30,-30
305,-10,-10,-10,-10,-9,-9,-8,-8,-5,-5,-5,-5,-4,-4,-4,-4,-5,-5,-4,-4,-7,-7,-7,-7
306,-10,-10,-11,-11,-11,-11,-11,-11,-12,-12,-28,-28,-28,-28,-24,-24,-19,-19,-21,-21,-17,-17,-18,-18
307,-16,-16,-16,-16,-16,-16,-12,-12,-1,-2,10,-5,1,-4,-6,3,14,3,6,6,-17,-17,-23,-23
308,-13,-13,-14,-14,-14,-14,-8,-8,2,1,6,-1,0,0,0,0,1,1,-2,-2,-13,-13,-16,-16
309,-27,-27,-27,-27,-27,-27,-27,-27,-32,-32,-37,-37,-41,-41,-39,-39,-38,-38,-32,-32,-36,-36,-36,-36
310,-13,-13,-16,-16,-15,-15,-14,-14,-8,-8,-4,-4,-5,-5,-3,-3,-3,-3,0,0,-4,-4,-5,-5
312,-14,-14,-14,-14,-14,-14,-9,-9,-5,-5,3,-4,1,1,-4,-4,-3,-3,-5,-5,-14,-14,-14,-14
313,-26,-26,-26,-26,-26,-26,-25,-25,-28,-28,-56,-56,-56,-56,-52,-52,-42,-42,-25,-25,-29,-29,-31,-31
314,-25,-25,-26,-26,-26,-26,-22,-22,-14,-4,-12,0,3,3,-2,0,1,-1,3,3,1,1,1,1
315,-11,-11,-11,-11,-11,-11,-10,-10,-8,-8,-9,-9,-6,-6,4,-2,1,1,-6,-6,-13,-13,-15,-15
317,-22,-22,-22,-22,-22,-22,-20,-20,-16,-16,-12,-12,-13,-13,-12,-12,-13,-13,-14,-14,-16,-16,-15,-15
318,-12,-12,-12,-12,-12,-12,-12,-12,-17,-17,-35,-35,-29,-29,-40,-40,-28,-28,-24,-24,-25,-25,-26,-26
319,-12,-12,-14,-14,-15,-15,-11,-11,-7,-7,-19,-19,-21,-21,-18,-18,-16,-16,-14,-14,-10,-10,-14,-14
320,-17,-17,-15,-15,-16,-16,-14,-14,-8,-8,-9,2,2,4,6,1,-1,2,-1,-1,0,0,-3,-3
321,-15,-15,-16,-16,-13,-13,-7,-7,8,-1,4,-3,-2,-2,4,0,-1,-1,-7,-7,-15,-15,-23,-23
322,-17,-17,-16,-16,-17,-17,-12,-12,-7,-7,-7,-7,-9,-6,-4,-4,-6,-6,-4,-4,-7,-7,-8,-8
323,-16,-16,-15,-15,-16,-16,-17,-17,-19,-19,-37,-37,-36,-36,-34,-34,-28,-28,-20,-20,-19,-19,-19,-19
324,-9,-9,-10,-10,-10,-10,-10,-10,-1,-1,-6,-6,-3,-3,0,-1,1,1,-2,-2,-11,-11,-11,-11
325,-10,-10,-12,-12,-12,-12,-11,-11,-12,-12,-16,-16,-17,-17,-18,-18,-17,-17,-20,-20,-19,-19,-14,-14
326,-16,-16,-16,-16,-15,-15,-8,-10,4,2,0,-3,-1,2,6,-3,0,4,0,0,-5,-5,-8,-8
327,-15,-15,-15,-15,-15,-15,-14,-14,-10,-10,-6,-1,1,0,2,0,1,0,1,1,-1,-1,-3,-3
328,-15,-15,-15,-15,-15,-15,-13,-13,-8,-7,-15,0,1,0,0,0,-1,0,-2,-2,-1,-1,-1,-1
329,-16,-16,-15,-15,-15,-15,-13,-13,-11,-11,-2,-2,-9,-9,-3,-3,-8,-8,-12,-12,-21,-21,-22,-22
330,-23,-23,-22,-22,-22,-22,-19,-19,-13,-3,-4,-1,-2,0,3,-3,2,-3,2,2,-2,-2,-1,-1
331,-21,-21,-21,-21,-21,-21,-20,-20,-28,-28,-46,-46,-44,-44,-43,-43,-34,-34,-26,-26,-26,-26,-27,-27
332,-13,-13,-14,-14,-14,-14,-14,-14,-11,-11,-7,-7,-3,-3,0,0,0,2,2,2,-4,-4,-5,-5
333,-24,-24,-25,-25,-26,-26,-22,-22,-19,-19,-16,-3,-6,-4,4,-4,6,5,-3,-3,-11,-11,-12,-12
334,-5,-5,-6,-6,-6,-6,-3,-2,0,2,-1,-1,4,0,0,-2,-3,-3,2,2,-4,-4,-2,-2
335,-22,-22,-23,-23,-23,-23,-25,-25,-26,-26,-42,-42,-51,-51,-50,-50,-30,-30,-26,-26,-40,-40,-40,-40
336,-10,-10,-9,-9,-10,-10,-4,-7,5,4,0,0,1,2,-4,2,4,4,-7,-7,-28,-28,-28,-28
337,-11,-11,-11,-11,-12,-12,-11,-11,-7,-7,-5,-5,-3,0,1,1,0,1,2,2,-3,-3,-4,-4
338,-14,-14,-15,-15,-17,-17,-15,-15,-16,-16,-21,-21,-26,-26,-32,-32,-22,-22,-23,-23,-33,-33,-29,-29
339,-17,-17,-17,-17,-17,-17,-16,-16,-5,-5,2,-1,3,1,1,0,-2,0,2,2,0,0,1,1
340,-10,-10,-10,-10,-10,-10,-7,-7,-17,-17,-31,-31,-27,-27,-26,-26,-20,-20,-16,-16,-23,-23,-27,-27
341,-12,-12,-13,-13,-13,-13,-11,-11,-12,-12,-24,-24,-20,-20,-19,-19,-11,-11,-2,-2,-11,-11,-10,-10
343,-25,-25,-25,-25,-25,-25,-24,-24,-17,-17,-14,-14,-7,-7,-13,-13,-5,-5,-14,-14,-16,-16,-17,-17
344,-11,-11,-13,-13,-13,-13,-12,-12,-9,-9,-7,-4,-3,-1,2,-1,-2,-2,-2,-2,-2,-2,0,0
345,-21,-21,-22,-22,-23,-23,-22,-22,-22,-22,-33,-33,-35,-35,-29,-29,-28,-28,-22,-22,-24,-24,-26,-26
347,-9,-9,-11,-11,-7,-7,-3,1,2,3,-3,1,1,1,0,1,1,-1,0,0,-4,-4,-6,-6
348,-11,-11,-11,-11,-11,-11,-11,-11,-12,-12,-22,-22,-22,-22,-21,-21,-13,-13,-7,-7,-10,-10,-10,-10
349,-12,-12,-11,-11,-12,-12,-12,-12,-21,-21,-33,-33,-29,-29,-34,-34,-30,-30,-22,-22,-29,-29,-31,-31
350,-14,-14,-14,-14,-14,-14,-12,-12,-11,-11,-7,-7,3,1,4,0,-2,-2,-10,-10,-27,-27,-33,-33
351,-19,-19,-20,-20,-19,-19,-14,-14,2,-1,4,0,1,-2,0,-2,-1,0,-3,-3,-6,-6,-9,-9
352,-13,-13,-13,-13,-12,-12,-9,-9,-7,-7,-3,-3,-4,-4,-3,-3,-4,-4,-11,-11,-11,-11,-9,-9
353,-11,-11,-11,-11,-11,-11,-10,-10,-6,-6,-11,-11,-14,-14,-13,-13,-13,-13,-8,-8,-10,-10,-11,-11
354,-24,-24,-24,-24,-25,-25,-24,-24,-29,-29,-53,-53,-64,-64,-68,-68,-55,-55,-52,-52,-48,-48,-44,-44
355,-14,-14,-14,-14,-15,-15,-15,-15,-13,-13,-15,-15,-16,-16,-17,-17,-17,-17,-18,-18,-19,-19,-20,-20
356,-9,-9,-10,-10,-10,-10,-6,-6,-2,-2,-10,-10,-4,-4,1,0,0,0,5,5,-2,-2,-6,-6
357,-20,-20,-21,-21,-21,-21,-20,-20,-19,-19,-40,-40,-38,-38,-39,-39,-31,-31,-32,-32,-20,-20,-22,-22
358,-13,-13,-14,-14,-14,-14,-13,-13,-13,-13,-24,-24,-21,-21,-22,-22,-23,-23,-18,-18,-27,-27,-25,-25
359,-12,-12,-12,-12,-12,-12,-13,-13,-18,-18,-39,-39,-43,-43,-38,-38,-31,-31,-24,-24,-28,-28,-28,-28
360,-17,-17,-18,-18,-16,-16,-14,-14,-15,-15,-37,-37,-40,-38,-38,-36,-24,-24,-21,-21,-31,-31,-35,-35
361,-37,-37,-37,-37,-38,-29,-3,-44,2,-7,9,-2,-4,-1,-2,-1,-2,-2,-55,-55,-56,-56,-56,-56
362,-39,-39,-42,-42,-43,-43,-41,-41,-35,-35,-38,-36,-33,-33,-33,-33,-32,-32,-30,-30,-36,-36,-36,-36
363,-16,-16,-16,-16,-16,-16,-16,-16,-16,-16,-16,-16,-14,-14,-15,-15,-15,-15,-16,-16,-16,-16,-16,-16
364,-28,-28,-28,-28,-28,-28,-27,-27,-27,-27,-61,-61,-58,-58,-58,-58,-43,-43,-34,-34,-35,-35,-36,-36
365,-31,-31,-32,-32,-31,-31,-29,-27,-16,-11,-1,0,-2,0,0,-3,0,2,4,4,2,2,1,1
366,-18,-18,-18,-18,-18,-18,-17,-17,-19,-19,-28,-28,-29,-29,-30,-30,-29,-29,-23,-23,-17,-17,-18,-18
367,-10,-10,-13,-13,-15,-15,-14,-14,-10,-10,-5,-5,-5,-5,-4,-4,-5,-5,-4,-4,-2,-2,1,1
368,-16,-16,-13,-13,-14,-14,-14,-14,-20,-20,-23,-23,-20,-20,-18,-18,-19,-19,-21,-21,-21,-21,-18,-18
370,-14,-14,-14,-14,-14,-14,-11,-11,-9,-9,-8,-1,0,0,-2,0,-2,-2,-3,-3,-3,-3,-3,-3
371,-15,-15,-15,-15,-15,-15,-14,-14,-13,-11,-12,-10,-10,-10,-12,-11,-10,-10,-8,-8,-7,-7,-11,-11
372,-16,-16,-16,-16,-16,-16,-16,-16,-19,-19,-27,-27,-27,-27,-25,-25,-22,-22,-17,-17,-14,-14,-14,-14
373,-12,-12,-12,-12,-11,-11,-12,-12,-11,-11,-17,-17,-23,-23,-16,-16,-11,-11,-7,-7,-11,-11,-11,-11
374,-23,-23,-23,-23,-23,-23,-6,-25,13,0,9,-2,-1,-1,-1,1,-5,-5,-15,-15,-19,-19,-20,-20
375,-12,-12,-11,-11,-11,-11,-10,-10,-9,-9,-12,-12,-11,-11,-11,-11,-7,-7,-5,-5,-5,-5,-8,-8
376,-16,-16,-16,-16,-15,-15,-14,-14,-14,-14,-32,-32,-30,-30,-27,-27,-20,-20,-21,-21,-25,-25,-25,-25
377,-9,-9,-9,-9,-10,-10,-8,-4,3,2,-3,0,1,3,-2,1,-1,-1,0,0,-8,-8,-7,-7
378,-28,-28,-26,-26,-27,-27,-26,-26,-26,-26,-27,-27,-27,-27,-27,-27,-25,-25,-17,-17,-21,-21,-23,-23
379,-14,-14,-14,-14,-14,-14,-11,-11,-7,-7,-8,-8,-5,-5,-12,-10,-13,-6,-8,-8,-13,-13,-18,-18
380,-14,-14,-14,-14,-14,-14,-14,-14,-15,-15,-26,-26,-28,-28,-26,-26,-24,-24,-19,-19,-11,-11,-12,-12
381,-9,-9,-9,-9,-9,-9,-9,-9,-6,-6,-15,-15,-16,-16,-16,-16,-17,-17,-13,-13,-12,-12,-17,-17
382,-10,-10,-10,-10,-10,-10,-10,-10,-12,-12,-23,-23,-21,-21,-18,-18,-15,-15,-8,-8,-10,-10,-10,-10
383,-10,-10,-9,-9,-10,-10,-10,-10,-11,-11,-18,-18,-23,-23,-19,-19,-20,-20,-20,-20,-24,-24,-16,-16
384,-10,-10,-10,-10,-10,-10,-9,-9,-8,-8,-5,-5,-7,-7,-6,-6,-8,-8,-5,-5,-3,-3,-3,-3
386,-6,-6,-12,-12,-11,-11,-10,-10,-11,-11,-18,-18,-21,-21,-22,-22,-15,-15,-16,-16,-22,-22,-15,-15
387,-20,-20,-21,-21,-20,-20,-17,-17,-8,-8,-11,-11,-3,-3,0,-2,-2,-6,4,3,0,0,-1,-1
388,-7,-7,-9,-9,-9,-9,-8,-8,-18,-18,-24,-24,-23,-23,-28,-28,-26,-26,-32,-32,-32,-32,-34,-34
389,-11,-11,-12,-12,-12,-12,-12,-12,-12,-12,-14,-11,-12,-8,-3,-3,-3,-3,-4,-4,-6,-6,-5,-5
390,-28,-28,-27,-27,-28,-28,-27,-27,-22,-22,-26,-24,-22,-22,-22,-22,-22,-22,-22,-22,-21,-21,-20,-20
392,-14,-14,-14,-14,-14,-14,-13,-13,-10,-10,-27,-27,-25,-25,-24,-24,-16,-16,-12,-12,-14,-14,-16,-16
393,-10,-10,-9,-9,-9,-9,-6,-6,-7,-7,-21,-21,-20,-20,-20,-20,-14,-14,-12,-12,-14,-14,-16,-16
394,-12,-12,-14,-14,-12,-12,-8,-8,-2,-2,2,-1,1,0,2,-1,-1,-1,-1,-1,-2,-2,-7,-7
395,-9,-9,-9,-9,-9,-9,-8,-8,-10,-10,-17,-17,-15,-15,-10,-10,-5,-5,-8,-8,-10,-10,-10,-10
396,-10,-10,-12,-12,-12,-12,-9,-9,-3,-3,-5,-5,-6,-6,-7,-7,-6,-6,-6,-6,-9,-9,-14,-14
397,-10,-10,-11,-11,-11,-11,-7,-7,3,-1,4,1,0,-1,1,1,3,3,1,4,-4,-4,-4,-4
398,-21,-21,-20,-20,-21,-21,-18,-18,-17,-17,-14,-14,-9,-9,-9,-9,-4,-4,-6,-6,-16,-16,-17,-17
399,-14,-14,-10,-10,-10,-10,-10,-8,-3,-3,-9,-9,-13,-13,-13,-13,-10,-10,-10,-10,-12,-12,-8,-8
400,-17,-17,-18,-18,-18,-18,-16,-16,-19,-19,-29,-29,-28,-28,-31,-31,-27,-27,-17,-17,-20,-20,-19,-19
401,-14,-14,-12,-12,-16,-16,-12,-12,-2,-2,3,3,2,-1,1,2,-3,0,-2,-2,-11,-11,-11,-11
402,-10,-10,-10,-10,-10,-10,-8,-8,-5,-5,-3,-3,1,-1,-1,-1,0,0,0,0,0,0,-5,-5
403,-11,-11,-10,-10,-11,-11,-10,-10,-7,-7,-12,-12,-15,-15,-20,-20,-19,-19,-17,-17,-19,-19,-18,-18
404,-9,-9,-9,-9,-9,-9,-6,-6,-1,-6,4,2,-5,1,4,4,5,2,-4,-4,-14,-14,-19,-19
405,-8,-8,-7,-7,-8,-8,-7,-7,-1,-1,-7,-7,-2,-2,-6,-6,1,0,-1,-1,-10,-10,-11,-11
408,-26,-26,-27,-27,-29,-29,-28,-28,-26,-26,-25,-25,-23,-23,-16,0,-2,-2,-4,-4,-6,-6,-6,-6
409,-27,-27,-38,-38,-36,-36,-34,-34,-23,-23,-22,-22,-20,-20,-20,-20,-21,-20,-33,-33,-34,-34,-33,-33
410,-41,-41,-45,-45,-46,-46,-44,-44,-37,-37,-37,-37,-33,-33,-34,-34,-26,-26,-26,-26,-26,-26,-25,-25
411,-21,-21,-21,-21,-18,-18,-15,-15,-6,-6,-2,-2,-1,-1,-4,-4,-8,-8,-18,-18,-20,-20,-22,-22
412,-11,-11,-11,-11,-11,-11,-10,-10,-3,-3,0,0,0,0,1,0,1,1,0,0,-1,-1,-3,-3
419,-9,-9,-10,-10,-10,-10,-9,-9,-5,-5,-4,-4,-1,-3,0,-1,-1,-1,-1,-1,-7,-7,-9,-9
420,-25,-25,-24,-24,-25,-25,-24,-3,0,5,-1,-1,2,2,0,1,-4,0,2,2,-9,-6,-3,-3
421,-28,-28,-30,-30,-31,-31,-29,-29,-34,5,-8,-8,-4,-4,-3,-7,4,0,6,6,4,1,-4,-4
423,-20,-20,-21,-21,-22,-22,-21,-21,-18,-18,-21,-21,-19,-19,-23,-23,-18,-18,-20,-20,-23,-23,-26,-26
424,-19,-19,-21,-21,-20,-20,-14,-14,-6,-6,-4,-4,-5,-5,-5,-1,3,1,1,1,-6,-6,-7,-7
425,-25,-25,-26,-26,-26,-26,-25,-25,-20,-20,-27,-27,-25,-25,-27,-27,-24,-24,-13,-13,-16,-16,-15,-15
426,-11,-11,-12,-12,-12,-12,-9,-9,-6,-6,-7,-5,-2,-1,-4,-4,-1,-1,4,4,-1,-1,-3,-3
427,-29,-29,-25,-25,-26,-26,-25,-25,-57,-57,-82,-82,-81,-81,-79,-79,-55,-55,-33,-33,-25,-25,-28,-28
428,-14,-14,-14,-14,-14,-14,-13,-13,-13,-13,-28,-28,-26,-26,-16,0,-2,-2,-7,-7,-11,-11,-16,-16
430,-12,-12,-12,-12,-12,-12,-11,-11,-9,-9,-7,-7,-9,-9,-10,-10,-7,-7,-4,-4,-10,-10,-11,-11
431,-14,-14,-13,-13,-14,-14,-13,-13,-13,2,-2,0,0,2,0,-2,1,-1,3,3,-2,-2,-11,-11
432,-14,-14,-15,-15,-15,-15,-14,-14,-14,-14,-22,-22,-33,-33,-36,-36,-30,-30,-26,-26,-41,-41,-41,-41
433,-23,-23,-24,-24,-24,-24,-20,-20,-15,-12,-21,-15,-15,-15,-18,-18,-8,-7,-8,-8,-11,-11,-11,-11
435,-15,-15,-18,-18,-19,-19,-18,-18,-9,-9,-10,-10,-9,-9,-9,-8,-7,-7,-13,-13,-20,-20,-23,-23
436,-25,-25,-25,-25,-25,-25,-23,-23,-32,-32,-68,-68,-68,-68,-67,-67,-55,-55,-43,-43,-35,-35,-31,-31
437,-18,-18,-18,-18,-18,-18,-16,-16,-13,-13,-11,-11,-11,-11,-9,-9,-10,-10,-6,-6,-9,-9,-11,-11
439,-15,-15,-15,-15,-15,-15,-13,-13,-11,2,-2,-1,2,-1,3,-1,0,0,-2,-2,1,1,-2,-2
440,-23,-23,-23,-23,-24,-24,-19,-19,-11,-11,-6,-6,2,-2,-1,-1,-7,-7,-11,-11,-19,-19,-21,-21
441,-15,-15,-16,-16,-15,-15,-15,-15,-11,-11,-10,-10,-9,-9,-8,-8,-8,-8,-4,-4,-7,-7,-7,-7
442,-16,-16,-16,-16,-16,-16,-15,-15,-14,-14,-15,-15,-14,-14,-12,-12,-9,-9,-10,-10,-11,-11,-11,-11
443,-20,-20,-20,-20,-20,-20,-17,-17,-15,-15,-16,-16,-16,-16,-16,-16,-14,-14,-14,-14,-12,-12,-15,-15
444,-16,-16,-14,-14,-14,-14,-13,-13,-6,-6,-2,-2,-3,-3,-1,-1,1,0,3,2,1,1,-1,-1
445,-18,-18,-20,-20,-20,-20,-16,-16,-7,-7,2,0,-2,-2,-1,-1,-4,-4,-3,-3,-7,-7,-9,-9
446,-14,-14,-13,-13,-17,-17,-15,-15,-9,-9,-10,1,4,2,0,2,2,1,-1,-1,-7,-7,-4,-4
447,-37,-37,-38,-38,-38,-38,-37,-37,-35,-35,-28,-28,-26,-26,-25,-25,-27,-27,-30,-30,-31,-31,-33,-33
448,-25,-25,-24,-24,-24,-24,-25,-25,-39,-39,-54,-54,-53,-53,-53,-53,-39,-39,-26,-26,-35,-35,-31,-31
449,-23,-23,-23,-23,-23,-23,-21,-21,-6,-6,6,-2,-2,2,-1,-1,4,2,-4,-4,-10,-10,-10,-10
450,-19,-19,-22,-22,-23,-23,-16,-16,-7,-7,-4,-4,-4,-4,-6,-6,-8,-8,-11,-11,-13,-13,-19,-19
451,-11,-11,-11,-11,-11,-11,-7,-7,1,0,2,0,0,2,1,0,-1,-1,-7,-7,-11,-11,-12,-12
452,-15,-15,-15,-15,-15,-15,-14,-14,-14,-14,-6,-6,0,-1,1,-2,0,0,7,6,-3,-3,-8,-8
453,-16,-16,-16,-16,-16,-16,-14,-14,-2,-2,-1,-2,-1,-1,-1,1,2,0,0,0,-10,-10,-13,-13
454,-14,-14,-14,-14,-13,-13,-12,-12,-9,-9,-7,-7,-4,-4,-4,-4,-2,-2,-7,-7,-6,-6,-5,-5
455,-10,-10,-11,-11,-10,-10,-11,-11,-12,-12,-12,-12,-11,-11,-10,-10,-7,-7,-6,-6,-9,-9,-12,-12
456,-21,-21,-23,-23,-24,-24,-21,-21,-15,-15,-17,-14,-8,-8,-10,-10,-16,-16,-14,-14,-18,-18,-18,-18
457,-19,-19,-18,-18,-20,-20,-17,-17,-8,-8,-1,-5,-1,-1,6,-3,0,0,-7,-7,-30,-30,-31,-31
458,-19,-19,-19,-19,-18,-18,-12,-12,-2,-2,-1,-2,3,-1,3,-1,1,1,0,0,-13,-13,-16,-16
459,-10,-10,-10,-10,-10,-10,-6,-7,4,-1,4,-1,2,2,1,-3,3,5,-1,-1,-9,-9,-17,-17
460,-23,-23,-22,-22,-23,-23,-22,-22,-18,-18,-15,-15,-10,-10,-8,-8,-7,-7,-11,-11,-17,-17,-21,-21
462,-30,-30,-32,-32,-32,-32,-26,-26,-8,-8,1,-4,3,2,0,0,3,3,3,3,-14,-14,-20,-20
463,-14,-14,-15,-15,-15,-15,-13,-13,-3,-3,1,1,1,1,1,0,1,2,2,2,1,1,0,0
464,-17,-17,-17,-17,-17,-17,-16,-16,-14,-14,-15,-15,-12,-12,-12,-12,-13,-13,-13,-13,-13,-13,-14,-14
465,-18,-18,-18,-18,-17,-17,-13,-13,-5,-5,6,-2,-3,0,-2,-3,4,4,2,2,-12,-12,-15,-15
466,-13,-13,-14,-14,-13,-13,-11,-11,-6,-6,2,-1,3,1,0,0,0,-1,-1,-1,-1,-1,-7,-7
467,-11,-11,-12,-12,-13,-13,-12,-12,-6,-6,1,0,2,1,3,-1,-2,-2,-5,-5,-4,-4,-6,-6
468,-16,-16,-18,-18,-19,-19,-19,-19,-18,-18,-16,-16,-15,-15,-14,-14,-13,-13,-14,-14,-13,-13,-20,-20
469,-30,-30,-30,-30,-31,-31,-29,-29,-22,-22,-18,-18,-15,-15,-20,-20,-16,-16,-18,-18,-23,-23,-24,-24
470,-32,-32,-33,-33,-34,-34,-32,-32,-26,-26,-25,-21,-18,-16,-17,-15,-16,-16,-16,-16,-18,-18,-17,-17
471,-12,-12,-13,-13,-13,-13,-9,-9,-4,-3,3,-1,1,2,3,1,0,0,-1,-1,-3,-3,-5,-5
472,-14,-14,-14,-14,-14,-14,-11,-11,-11,-11,-11,-11,-11,-11,-12,-10,-9,-9,-10,-10,-11,-11,-12,-12
473,-13,-13,-13,-13,-13,-13,-12,-12,-12,-12,-9,-9,-8,-8,-10,-10,-8,-8,-7,-7,-9,-9,-8,-8
474,-27,-27,-27,-27,-27,-27,-27,-27,-26,-26,-27,-27,-27,-27,-28,-28,-26,-26,-29,-29,-35,-35,-35,-35
475,-39,-39,-39,-39,-39,-39,-38,-38,-36,-36,-36,-36,-38,-38,-37,-37,-33,-33,-32,-32,-37,-37,-37,-37
476,-20,-20,-20,-20,-20,-20,-20,-20,-20,-20,-17,-17,-17,-17,-13,-13,-15,-15,-17,-17,-19,-19,-20,-20
477,-25,-25,-24,-24,-25,-25,-25,-25,-20,-20,-18,-18,-18,-18,-15,-15,-17,-17,-22,-22,-23,-23,-26,-26
478,-13,-13,-14,-14,-16,-16,-13,-13,-9,-9,0,0,2,0,5,-1,2,1,0,0,-7,-7,-13,-13
479,-12,-12,-15,-15,-14,-14,-11,-11,-3,-3,4,-2,5,1,0,0,-4,-3,-5,-4,-16,-16,-14,-14
480,-16,-16,-19,-19,-19,-19,-15,-15,-5,-5,3,-2,3,-4,1,-1,-3,-2,-14,-14,-26,-26,-29,-29
481,-24,-24,-24,-24,-23,-23,-20,-20,-18,-18,-17,-17,-19,-19,-21,-21,-16,-16,-17,-17,-22,-22,-21,-21
482,-18,-18,-20,-20,-20,-20,-21,-21,-20,-20,-19,-19,-18,-18,-18,-18,-17,-17,-18,-18,-18,-18,-19,-19
483,-22,-22,-23,-23,-24,-24,-21,-21,-11,-11,-4,-4,-1,1,2,0,3,2,0,0,-4,-4,-9,-9
484,-16,-16,-16,-16,-16,-16,-15,-15,-14,-14,-10,-10,-14,-14,-14,-14,-16,-16,-21,-21,-23,-23,-26,-26
485,-16,-16,-19,-19,-19,-19,-18,-18,-9,-8,0,-2,1,-1,0,4,-2,-1,-5,-5,-5,-5,-14,-14
486,-23,-23,-23,-23,-23,-23,-19,-19,-13,-13,-7,-7,-2,-2,-1,0,5,2,-3,-3,-9,-9,-14,-14
487,-15,-15,-17,-17,-17,-17,-16,-16,-12,-12,-10,-10,-10,-10,-10,-10,-8,-8,-8,-8,-14,-14,-16,-16
488,-15,-15,-16,-16,-16,-16,-12,-12,-3,-3,-3,-1,-2,0,2,2,0,2,-3,-3,-15,-15,-17,-17
489,-22,-22,-24,-24,-23,-23,-13,-13,-1,-2,-3,-3,-2,0,-1,-1,-2,-2,-4,-4,-10,-10,-11,-11
490,-31,-31,-31,-31,-32,-32,-30,-26,-22,-16,-12,-12,-9,-9,-7,-5,-5,-4,-6,-6,-7,-7,-7,-7
491,-30,-30,-32,-32,-32,-32,-31,-31,-29,-29,-35,-35,-35,-35,-33,-29,-27,-26,-21,-21,-25,-25,-22,-22
492,-42,-42,-46,-46,-46,-46,-44,-44,-39,-39,-47,-47,-42,-42,-45,-45,-41,-41,-43,-43,-50,-50,-55,-55
494,-25,-25,-25,-25,-25,-25,-25,-25,-25,-25,-26,-26,-28,-28,-29,-29,-30,-30,-27,-27,-28,-28,-28,-28
495,-26,-26,-27,-27,-26,-26,-24,-24,-18,-18,-12,-12,-15,-15,-14,-14,-13,-13,-15,-15,-16,-16,-21,-21
496,-27,-27,-29,-29,-30,-30,-28,-28,-29,-29,-24,-24,-24,-24,-21,-21,-21,-21,-17,-17,-20,-20,-23,-23
497,-18,-18,-16,-16,-17,-17,-16,-16,-14,-14,-15,-15,-13,-13,-14,-14,-14,-14,-13,-13,-13,-13,-11,-11
498,-27,-27,-27,-27,-29,-29,-24,-24,-20,-20,-26,-26,-29,-29,-28,-28,-25,-25,-26,-26,-32,-32,-34,-34
499,-25,-25,-27,-27,-26,-26,-22,-22,-13,-13,-7,-7,-7,-7,-5,-5,-2,-2,-5,-5,-7,-7,-6,-6
500,-28,-28,-28,-28,-28,-28,-25,-25,-14,-14,-3,-3,-3,-3,-5,-5,-2,-2,3,3,-2,-2,-7,-7
501,-16,-16,-17,-17,-17,-17,-13,-13,-8,-8,-9,-9,-7,-7,-7,-7,-10,-9,-4,-4,-7,-7,-11,-11
503,-25,-25,-27,-27,-25,-25,-24,-24,-17,-17,-7,-7,-7,-5,0,2,4,3,3,3,-4,-4,-7,-7
504,-21,-21,-22,-22,-23,-23,-22,-22,-21,-21,-17,-17,-16,-16,-17,-17,-19,-19,-15,-15,-14,-14,-14,-14
505,-20,-20,-20,-20,-20,-20,-17,-17,-12,-12,-8,-8,-8,-8,-7,-7,-7,-7,-8,-8,-10,-10,-12,-12
506,-15,-15,-16,-16,-17,-17,-17,-17,-18,-18,-27,-27,-30,-30,-31,-31,-28,-28,-22,-22,-23,-23,-20,-20
507,-21,-21,-25,-25,-24,-24,-23,-23,-14,-14,-7,0,-2,-2,-1,1,1,1,0,0,-7,-7,-7,-7
508,-10,-10,-12,-12,-12,-12,-11,-11,-12,-12,-26,-26,-20,-20,-16,-16,-10,-10,-11,-11,-13,-13,-13,-13
509,-13,-13,-13,-13,-13,-13,-12,-12,-15,-15,-28,-28,-25,-25,-24,-24,-17,-17,-18,-18,-22,-22,-21,-21
510,-27,-27,-30,-30,-30,-30,-26,-26,-24,-24,-20,-20,-21,-21,-25,-25,-23,-23,-22,-22,-30,-30,-30,-30
511,-22,-22,-26,-26,-25,-25,-22,-22,-14,-14,-7,-1,0,-4,-2,-1,-1,-1,-1,-1,-10,-10,-12,-12
512,-20,-20,-20,-20,-18,-18,-15,-15,-4,-4,6,-1,-1,0,5,3,4,-1,-3,-3,-14,-14,-20,-20
513,-34,-34,-37,-37,-37,-37,-34,-34,-28,-28,-22,-19,-11,-11,-11,-9,-8,-8,-7,-7,-11,-11,-15,-15
514,-10,-10,-11,-11,-11,-11,-10,-10,-10,-10,-24,-24,-22,-22,-27,-27,-18,-18,-14,-14,-16,-16,-18,-18
515,-16,-16,-17,-17,-17,-17,-14,-14,-9,-9,-7,-7,-5,-5,-5,-5,-5,-4,-6,-6,-5,-5,-6,-6
516,-12,-12,-12,-12,-11,-11,-10,-10,-7,-7,-11,-11,-10,-10,-11,-11,-11,-11,-10,-10,-11,-11,-12,-12
517,-10,-10,-13,-13,-14,-14,-12,-11,-3,0,-1,0,3,3,2,1,3,2,0,0,-10,-10,-12,-12
518,-21,-21,-19,-19,-19,-19,-19,-19,-13,-13,-6,0,1,1,1,1,0,0,1,1,-1,-1,-3,-3
519,-23,-23,-23,-23,-23,-23,-23,-23,-23,-23,-23,-23,-23,-23,-23,-23,-23,-23,-23,-23,-23,-23,-23,-23
520,-14,-14,-14,-14,-14,-14,-12,-12,-7,-7,-3,0,-2,-2,-4,-4,-3,-3,0,0,-6,-6,-7,-7
521,-12,-12,-14,-14,-14,-14,-10,-10,-5,-4,2,-2,0,0,-1,-3,4,3,2,2,-11,-11,-12,-12
522,-24,-24,-22,-22,-23,-23,-23,-23,-25,-25,-26,-22,-22,-22,-25,-25,-20,-20,-22,-22,-26,-26,-26,-26
523,-16,-16,-16,-16,-16,-16,-15,-15,-13,-13,-11,-11,-13,-13,-15,-15,-14,-14,-13,-13,-17,-17,-18,-18
524,-24,-24,-30,-30,-32,-32,-29,-29,-18,-11,-1,-1,-1,-3,8,0,1,4,3,0,-2,-2,-14,-14
526,-18,-18,-18,-18,-18,-18,-18,-18,-16,-16,-15,-15,-13,-13,-12,-12,-12,-12,-13,-13,-19,-19,-19,-19
527,-14,-14,-14,-14,-14,-14,-14,-14,-14,-14,-14,-14,-14,-14,-14,-14,-14,-14,-13,-13,-13,-13,-15,-15
528,-11,-11,-11,-11,-11,-11,-11,-11,-16,-16,-21,-21,-21,-21,-20,-20,-20,-20,-14,-14,-10,-10,-11,-11
529,-9,-9,-10,-10,-10,-10,-10,-10,-6,-6,-4,-4,-3,-3,-1,-3,2,2,1,1,-2,-2,-2,-2
530,-12,-12,-12,-12,-12,-12,-11,-11,-9,-9,-9,-9,-9,-9,-10,-10,-10,-10,-10,-10,-13,-13,-11,-11
531,-14,-14,-16,-16,-18,-18,-12,-12,-4,-4,4,-3,0,1,-4,-2,1,1,0,0,-9,-9,-13,-13
532,-43,-43,-44,-44,-44,-44,-43,-43,-44,-44,-52,-52,-55,-55,-56,-56,-51,-51,-54,-54,-49,-49,-50,-50
533,-21,-21,-22,-22,-22,-22,-18,-18,-10,-10,-5,-5,-1,-1,3,2,-4,-1,-2,-2,-7,-7,-12,-12
534,-17,-17,-18,-18,-18,-18,-16,-16,-6,-6,1,-4,6,1,-1,0,0,1,0,0,-11,-11,-13,-13
535,-15,-15,-16,-16,-16,-16,-11,-11,-4,-4,2,-1,1,1,-1,-1,-1,-1,-3,-3,-10,-10,-13,-13
536,-24,-24,-25,-25,-25,-25,-24,-24,-20,-20,-26,-15,-13,1,0,0,2,-1,0,0,-1,-1,-4,-4
537,-11,-11,-10,-10,-9,-9,-5,-5,-2,-2,4,-4,-1,1,-4,-4,-7,-7,-4,-4,-12,-12,-15,-15
538,-14,-14,-14,-14,-14,-14,-14,-14,-12,-12,-12,-12,-14,-14,-14,-14,-13,-13,-14,-14,-14,-14,-15,-15
539,-14,-14,-15,-15,-15,-15,-11,-11,1,1,3,1,3,1,0,-1,5,0,1,1,-7,-7,-9,-9
540,-18,-18,-18,-18,-19,-19,-17,-17,-13,-13,-8,-8,-8,-8,-12,-12,-8,-8,-7,-7,-17,-17,-18,-18
541,-16,-16,-18,-18,-19,-19,-16,-16,-19,-19,-31,-31,-26,-26,-26,-26,-14,-14,-8,-8,-16,-16,-17,-17
542,-23,-23,-25,-25,-25,-25,-21,-21,-15,-15,-7,-2,-3,-2,1,1,3,2,1,1,-9,-9,-15,-15
543,-14,-14,-14,-14,-14,-14,-14,-14,-12,-12,-13,-13,-13,-13,-11,-11,-7,-7,-9,-9,-6,-6,-7,-7
544,-15,-15,-16,-16,-15,-15,-12,-12,-5,-5,-10,-10,-9,-9,-12,-4,-6,-6,-2,-2,-7,-7,-3,-3
545,-16,-16,-16,-16,-16,-16,-14,-14,-11,-11,-18,-18,-16,-16,-14,-11,-7,-2,1,1,-3,-3,-8,-8
546,-13,-13,-13,-13,-13,-13,-13,-13,-28,-28,-48,-48,-46,-46,-43,-43,-39,-39,-33,-33,-33,-33,-36,-36
547,-35,-35,-35,-35,-36,-36,-34,-34,-30,-30,-27,-27,-28,-28,-28,-28,-29,-29,-31,-31,-33,-33,-35,-35
548,-18,-18,-18,-18,-18,-18,-17,-17,-16,-16,-21,-19,-18,-18,-19,-19,-18,-18,-16,-16,-17,-17,-19,-19
549,-31,-31,-29,-29,-34,-34,-32,-32,-28,-28,-21,-21,-16,-16,-17,-16,-16,-16,-22,-22,-24,-24,-26,-26
550,-16,-16,-16,-16,-16,-16,-14,-14,-12,-12,-12,-12,-10,-10,-11,-11,-9,-9,-9,-9,-12,-12,-13,-13
552,-18,-18,-17,-17,-16,-16,-15,-15,-4,-4,0,-1,2,2,2,-1,-3,-1,-1,-1,-2,-2,-4,-4
553,-16,-16,-17,-17,-16,-16,-13,-13,0,0,6,2,1,-2,4,4,-1,3,-3,-3,-8,-8,-16,-16
554,-11,-11,-11,-11,-11,-11,-9,-9,-9,-9,-9,-9,-8,-8,-7,-7,-8,-8,-6,-6,-9,-9,-10,-10
556,-17,-17,-17,-17,-17,-17,-17,-17,-24,-24,-30,-30,-28,-28,-28,-28,-24,-24,-19,-19,-14,-14,-15,-15
557,-14,-14,-14,-14,-14,-14,-13,-13,-25,-25,-33,-33,-32,-32,-34,-34,-25,-25,-20,-20,-21,-21,-22,-22
558,-16,-16,-17,-17,-17,-17,-15,-15,-14,-14,-36,-36,-35,-35,-33,-33,-22,-22,-19,-19,-25,-25,-33,-33
559,-16,-16,-16,-16,-16,-16,-15,-15,-14,-14,-12,-12,-10,-10,-8,-8,-4,-4,-7,-7,-12,-12,-13,-13
560,-13,-13,-14,-14,-14,-14,-13,-13,-12,-12,-12,-12,-12,-12,-12,-12,-9,-9,-6,-6,-7,-7,-7,-7
561,-14,-14,-15,-15,-15,-15,-12,-12,-5,-5,-6,-6,-5,-1,-2,0,0,0,1,1,-4,-4,-5,-5
562,-13,-13,-13,-13,-14,-14,-15,-15,-16,-16,-32,-32,-28,-28,-26,-26,-18,-18,-14,-14,-21,-21,-22,-22
563,-18,-18,-18,-18,-18,-18,-17,-17,-15,-15,-16,-16,-13,-13,-15,-15,-16,-16,-16,-16,-15,-15,-15,-15
564,-24,-24,-23,-23,-20,-20,-21,-21,-19,-18,-39,-39,-40,-40,-39,-39,-34,-34,-32,-32,-48,-48,-50,-50
566,-29,-29,-29,-29,-29,-29,-28,-28,-27,-27,-30,-30,-30,-30,-32,-32,-32,-32,-33,-33,-31,-31,-32,-32
568,-11,-11,-12,-12,-12,-12,-11,-11,-8,-8,0,1,4,-4,-2,0,1,0,-2,-2,-13,-13,-17,-17
569,-20,-20,-27,-27,-27,-27,-22,-22,-11,-11,-1,-1,0,0,0,-1,2,2,1,1,-5,-5,-9,-9
570,-25,-25,-25,-25,-25,-25,-25,-25,-35,-35,-60,-60,-55,-55,-54,-54,-45,-45,-35,-35,-27,-27,-24,-24
571,-19,-19,-21,-21,-23,-23,-23,-23,-24,-24,-25,-25,-25,-25,-27,-27,-31,-31,-31,-31,-27,-27,-22,-22
572,-25,-25,-25,-25,-26,-26,-25,-25,-24,-24,-20,-20,-15,-15,-16,-16,-14,-14,-18,-18,-25,-25,-26,-26
573,-11,-11,-11,-11,-11,-11,-9,-9,-9,-9,-12,-12,-9,-7,-7,-7,0,0,-2,-2,-12,-12,-11,-11
574,-31,-31,-30,-30,-29,-29,-16,-21,9,2,6,-1,2,2,3,-1,-2,2,3,3,-16,-16,-20,-20
576,-15,-15,-17,-17,-17,-17,-16,-16,-11,-11,-9,-9,-4,-4,-5,-5,-7,-7,-5,-5,-7,-7,-10,-10
577,-13,-13,-14,-14,-14,-14,-12,-12,-2,-3,2,-1,0,1,-2,-2,3,2,2,2,-13,-13,-13,-13
578,-22,-22,-23,-23,-22,-22,-21,-21,-20,-20,-17,-11,-7,-1,0,0,0,1,-1,-1,-9,-9,-6,-6
579,-23,-23,-25,-25,-25,-25,-23,-23,-45,-45,-54,-54,-50,-50,-51,-51,-41,-41,-32,-32,-42,-42,-43,-43
580,-25,-25,-23,-23,-24,-24,-20,-20,-13,-13,-5,-5,-2,-2,-2,-2,-7,-7,-1,-1,-13,-13,-13,-13
581,-12,-12,-12,-12,-12,-12,-11,-11,-8,-8,-22,-22,-20,-20,-18,-18,-14,-14,-6,-6,-9,-9,-9,-9
583,-11,-11,-11,-11,-12,-12,-10,-10,-12,-12,-30,-30,-34,-34,-33,-33,-20,-20,-21,-21,-20,-20,-25,-25
584,-13,-13,-15,-15,-18,-18,-14,-14,-10,-9,-9,-3,1,-1,4,1,4,-1,-1,-1,-14,-14,-19,-19
586,-21,-21,-21,-21,-21,-21,-21,-21,-19,-19,-18,-18,-15,-15,-14,-14,-13,-13,-12,-12,-16,-16,-14,-14
587,-14,-14,-14,-14,-15,-15,-13,-13,-22,-22,-30,-30,-27,-27,-28,-28,-15,-15,-8,-8,-14,-14,-16,-16
588,-16,-16,-15,-15,-15,-15,-14,-14,-10,-10,-6,-6,-5,0,-3,-3,-5,-5,-5,-5,-1,-1,0,0
589,-10,-10,-11,-11,-10,-10,-8,-8,-4,-4,-5,-5,-5,-5,-7,-7,-7,-7,-3,-3,-11,-11,-12,-12
590,-18,-18,-20,-20,-20,-20,-20,-20,-17,-17,-14,-13,-12,-12,-11,-11,-11,-11,-11,-11,-16,-16,-16,-16
591,-16,-16,-18,-18,-18,-18,-16,-16,-13,-13,-12,-12,-11,-11,-7,-7,-3,-3,0,0,-5,-5,-6,-6
592,-13,-13,-13,-13,-14,-14,-13,-13,-7,-7,-8,-3,-4,-2,2,0,5,-1,2,2,-2,-2,-6,-6
593,-14,-14,-16,-16,-16,-16,-15,-4,1,6,0,0,-1,2,0,-1,1,1,-3,-3,-9,-9,-8,-8
594,-23,-23,-23,-23,-23,-23,-23,-23,-23,-23,-42,-42,-43,-43,-42,-42,-35,-35,-22,-22,-18,-18,-19,-19
595,-14,-14,-15,-15,-14,-14,-14,-14,-12,-12,-23,-23,-21,-21,-19,-19,-17,-17,-12,-12,-11,-11,-15,-15
596,-12,-12,-15,-15,-15,-15,-11,-11,-9,-9,-14,-14,-11,-11,-12,-12,-11,-11,-14,-14,-31,-31,-24,-24
597,-18,-18,-17,-17,-16,-16,-13,-13,-6,-6,1,0,1,1,2,0,1,1,2,2,-2,-2,-3,-3
598,-25,-25,-25,-25,-25,-25,-22,-22,-22,-22,-22,-22,-22,-22,-22,-22,-19,-19,-24,-24,-25,-25,-25,-25
599,-19,-19,-21,-21,-21,-21,-20,-20,-17,-17,-16,-16,-16,-16,-16,-16,-16,-16,-13,-13,-17,-17,-19,-19
600,-13,-13,-16,-16,-16,-16,-14,-14,-8,-8,-4,-4,0,0,-2,-2,-1,-1,-3,-3,-13,-13,-19,-19
601,-23,-23,-25,-25,-29,-29,-28,-28,-27,-27,-33,-33,-28,-28,-27,-27,-26,-26,-19,-19,-21,-21,-24,-24
602,-30,-30,-30,-30,-31,-31,-28,-28,-22,-22,-18,-18,-13,-13,-11,-11,-10,-10,-14,-14,-17,-17,-21,-21
603,-29,-29,-30,-30,-30,-30,-26,-26,-11,-11,-5,-5,-9,-9,-10,-10,-11,-11,-21,-21,-31,-31,-36,-36
604,-12,-12,-11,-11,-12,-12,-10,-10,-6,-6,-9,-9,-6,-6,-7,-7,-6,-6,-7,-7,-13,-13,-13,-13
605,-19,-19,-18,-18,-18,-18,-14,-14,-11,-4,-4,-2,0,-1,-2,-2,1,1,1,1,-5,-5,-3,-3
606,-18,-18,-19,-19,-19,-19,-18,-18,-17,-17,-17,-17,-18,-18,-21,-21,-17,-17,-17,-17,-13,-13,-16,-16
607,-13,-13,-14,-14,-14,-14,-13,-13,-11,-11,-19,-19,-17,-17,-16,-16,-16,-16,-15,-15,-19,-19,-20,-20
608,-21,-21,-21,-21,-21,-21,-21,-21,-21,-21,-22,-22,-23,-23,-23,-23,-24,-24,-24,-24,-25,-25,-25,-25
609,-12,-12,-14,-14,-15,-15,-11,-11,-7,-7,-1,-1,1,1,3,1,1,1,0,0,-1,-1,-3,-3
610,-12,-12,-9,-9,-9,-9,-6,-6,-3,-3,-4,-4,-3,-3,-3,-3,-5,-5,-6,-6,-6,-6,-4,-4
611,-14,-14,-15,-15,-14,-14,-14,-14,-14,-14,-13,-13,-10,-10,-11,-11,-7,-7,-7,-7,-13,-13,-13,-13
612,-20,-20,-20,-20,-20,-20,-14,-14,-1,-1,4,-2,-2,0,-1,-1,-4,-4,-8,-8,-11,-11,-10,-10
613,-16,-16,-14,-14,-15,-15,-12,-12,-10,-10,-15,-15,-17,-17,-21,-21,-19,-19,-16,-16,-20,-20,-22,-22
614,-28,-28,-28,-28,-28,-28,-27,-27,-26,-26,-28,-28,-27,-27,-22,-20,-21,-21,-19,-19,-20,-20,-19,-19
615,-16,-16,-17,-17,-17,-17,-14,-14,-8,-8,-3,-1,0,0,-1,0,-2,-2,-10,-10,-16,-16,-19,-19
616,-16,-16,-17,-17,-18,-18,-14,-14,-7,-7,2,-1,0,0,-1,0,-4,-3,-2,-2,-8,-8,-11,-11
617,-13,-13,-13,-13,-13,-13,-11,-11,-10,-10,-9,-8,-13,-13,-9,-7,-8,-8,-7,-7,-14,-14,-14,-14
618,-15,-15,-20,-20,-20,-20,-18,-18,-16,-16,-15,-12,-9,-9,-9,-9,-7,-7,-4,-4,-8,-8,-14,-14
619,-29,-29,-31,-31,-31,-31,-28,-28,-24,-24,-23,-23,-20,-20,-22,-22,-22,-22,-25,-25,-32,-32,-34,-34
620,-19,-19,-19,-19,-18,-18,-12,-12,-3,-3,1,-1,-1,1,-3,3,2,2,0,0,-2,-2,-5,-5
621,-22,-22,-23,-23,-23,-23,-20,-20,-18,-18,-14,-14,-11,-11,-13,-13,-15,-15,-16,-16,-22,-22,-20,-20
622,-18,-18,-18,-18,-19,-19,-18,-18,-22,-22,-24,-24,-22,-22,-22,-22,-10,-10,-3,-3,-17,-17,-21,-21
623,-15,-15,-16,-16,-16,-16,-14,-14,-7,-7,-7,-7,-7,-7,-3,-3,-2,-2,-2,-2,-4,-4,-6,-6
624,-27,-27,-30,-30,-30,-30,-27,-27,-17,-17,-10,-10,-9,-9,-13,-13,-11,-11,-15,-15,-20,-20,-23,-23
625,-18,-18,-19,-19,-20,-20,-15,-15,-6,-6,-2,-2,-3,-3,7,3,-2,-2,-8,-8,-23,-23,-25,-25
626,-15,-15,-14,-14,-15,-15,-10,-10,-1,-1,-1,-1,-2,-2,-3,-3,-4,-4,-11,-11,-24,-24,-29,-29
627,-14,-14,-14,-14,-14,-14,-12,-12,-7,-7,-4,-4,-2,-2,-5,-3,-3,-3,-4,-4,-5,-5,-4,-4
628,-18,-18,-22,-22,-21,-21,-19,-19,-12,-12,-14,-14,-13,-13,-12,-12,-10,-10,-16,-16,-22,-22,-24,-24
629,-19,-19,-19,-19,-19,-19,-17,-17,-16,-16,-14,-14,-13,-13,-14,-14,-14,-14,-15,-15,-15,-15,-16,-16
630,-19,-19,-19,-19,-19,-19,-17,-17,-12,-12,-11,-11,-11,-11,-10,-10,-10,-10,-12,-12,-22,-22,-25,-25
631,-18,-18,-20,-20,-20,-20,-19,-19,-12,-12,-12,-12,-14,-14,-13,-13,-14,-14,-13,-13,-12,-12,-14,-14
632,-18,-18,-18,-18,-18,-18,-15,-15,-10,-10,-12,-9,-10,-10,-10,-5,-4,-4,-5,-5,-6,-6,-9,-9
633,-22,-22,-24,-24,-24,-24,-23,-23,-13,-13,-9,-9,-8,-8,-5,-5,1,1,-1,-1,-3,-3,-10,-10
634,-22,-22,-24,-24,-25,-25,-24,-24,-21,-21,-29,-29,-30,-30,-30,-30,-24,-24,-18,-18,-23,-23,-23,-23
635,-24,-24,-24,-24,-25,-25,-22,-22,-15,-15,-10,-10,-10,-10,-10,-10,-10,-10,-10,-10,-14,-14,-20,-20
636,-18,-18,-21,-21,-21,-21,-20,-20,-21,-21,-25,-25,-23,-23,-20,-20,-17,-17,-8,-8,-5,-5,-10,-10
637,-17,-17,-18,-18,-18,-18,-16,-16,-11,-11,-9,-9,-8,-8,-9,-9,-10,-10,-11,-11,-12,-12,-13,-13
638,-18,-18,-15,-15,-16,-16,-7,-7,-5,-5,-10,-10,-5,-5,-10,-10,-7,-7,-11,-11,-14,-14,-16,-16
639,-18,-18,-18,-18,-18,-18,-14,-14,-9,-9,-4,-4,-4,-4,-7,-7,-9,-9,-9,-9,-6,-6,-12,-12
640,-18,-18,-20,-20,-19,-19,-16,-16,-10,-10,-8,-8,-3,-3,-2,-2,1,1,0,0,-16,-16,-17,-17
641,-14,-14,-15,-15,-14,-14,-15,-15,-16,-16,-33,-33,-35,-35,-34,-28,-26,-26,-24,-24,-27,-27,-26,-26
642,-25,-25,-25,-25,-25,-25,-22,-22,-19,-19,-16,-7,-7,-7,-6,-6,-6,-6,-7,-7,-9,-9,-9,-9
643,-15,-15,-15,-15,-15,-15,-15,-15,-13,-13,-12,-12,-14,-14,-11,-11,-8,-8,-9,-9,-16,-16,-19,-19
644,-24,-24,-24,-24,-24,-24,-19,-19,-16,-16,-21,-21,-21,-21,-21,-21,-20,-20,-21,-21,-21,-21,-22,-22
645,-14,-14,-14,-14,-14,-14,-13,-13,-7,-7,-7,-7,-5,-5,-6,-6,-1,-1,-6,-6,-16,-16,-17,-17
646,-11,-11,-11,-11,-11,-11,-11,-11,-10,-10,-23,-23,-24,-24,-24,-24,-21,-21,-22,-22,-21,-21,-22,-22
647,-18,-18,-18,-18,-18,-18,-15,-15,-9,-9,-11,-11,-9,-9,-8,-8,-9,-9,-10,-10,-11,-11,-12,-12
648,-21,-21,-22,-22,-22,-22,-21,-21,-18,-18,-15,-15,-17,-17,-18,-18,-17,-17,-16,-16,-17,-17,-18,-18
649,-13,-13,-12,-12,-13,-13,-12,-12,-9,-9,-6,-6,-7,-7,-9,-9,-9,-9,-11,-11,-13,-13,-14,-14
650,-16,-16,-16,-16,-17,-17,-14,-14,-7,-7,-3,-3,-1,-1,0,0,1,1,-1,-1,-13,-13,-12,-12
651,-15,-15,-16,-16,-17,-17,-16,-16,-12,-12,-14,-14,-9,-9,-9,-9,-3,-3,2,2,0,0,1,1
652,-20,-20,-20,-20,-20,-20,-20,-20,-21,-21,-23,-23,-24,-24,-23,-23,-21,-21,-17,-17,-20,-20,-21,-21
653,-17,-17,-18,-18,-17,-17,-13,-13,-5,-5,1,-2,1,2,-2,-2,-3,-3,-6,-6,-13,-13,-19,-19
654,-23,-23,-24,-24,-24,-24,-19,-19,-12,-12,-13,-13,-11,-9,-8,-8,-11,-11,-17,-17,-23,-23,-26,-26
655,-18,-18,-20,-20,-20,-20,-20,-20,-14,-14,-11,-11,-9,-9,-9,-9,-9,-9,-8,-8,-13,-13,-18,-18
656,-19,-19,-20,-20,-20,-20,-19,-19,-18,-18,-17,-17,-17,-17,-14,-14,-15,-15,-16,-16,-19,-19,-18,-18
657,-14,-14,-14,-14,-14,-14,-10,-10,-8,-8,-9,-9,-9,-9,-9,-9,-7,-7,-10,-10,-14,-14,-17,-17
658,-21,-21,-21,-21,-21,-21,-18,-18,-10,-10,-6,-2,3,-1,5,2,-5,-5,-2,-2,-7,-7,-7,-7
659,-38,-38,-39,-39,-38,-38,-37,-37,-34,-34,-33,-33,-34,-34,-34,-34,-35,-35,-33,-33,-38,-38,-42,-42
660,-15,-15,-15,-15,-16,-16,-14,-14,-10,-10,-10,-10,-6,-6,-11,-11,-11,-11,-11,-11,-13,-13,-9,-9
661,-25,-25,-27,-27,-27,-27,-22,-22,-7,-7,-8,-8,-6,-6,-10,-10,-16,-16,-22,-22,-27,-27,-30,-30
662,-16,-16,-15,-15,-16,-16,-14,-14,-10,-10,-14,-14,-10,-10,-8,-6,-8,-8,-5,-5,-9,-9,-10,-10
663,-15,-15,-14,-14,-16,-16,-13,-13,-8,-8,-8,-8,-7,-7,-5,-5,-9,-9,-8,-8,-8,-8,-15,-15
664,-15,-15,-17,-17,-17,-17,-12,-12,-2,-2,2,2,3,1,1,1,0,-1,2,2,-6,-6,-5,-5
665,-19,-19,-20,-20,-20,-20,-17,-17,-11,-11,-11,-11,-13,-13,-12,-12,-11,-11,-11,-11,-15,-15,-21,-21
666,-26,-26,-26,-26,-26,-26,-24,-24,-17,-17,-10,-10,-9,-9,-12,-12,-10,-10,-14,-14,-19,-19,-19,-19
667,-22,-22,-23,-23,-23,-23,-21,-21,-19,-19,-17,-17,-12,-12,-16,-16,-17,-17,-10,-10,-12,-12,-12,-12
668,-18,-18,-19,-19,-20,-20,-18,-18,-17,-17,-15,-15,-15,-15,-4,-4,-7,-7,-10,-10,-10,-10,-8,-8
669,-27,-27,-27,-27,-27,-27,-26,-26,-22,-22,-20,-17,-17,-15,-14,-14,-13,-13,-15,-15,-14,-14,-17,-17
670,-19,-19,-19,-19,-19,-19,-14,-14,-4,-4,-2,-2,1,0,-2,-2,-5,-5,-5,-5,-14,-14,-16,-16
671,-39,-39,-38,-38,-38,-38,-34,-34,-36,-36,-39,-37,-37,-37,-36,-36,-36,-36,-41,-41,-41,-41,-41,-41
672,-19,-19,-19,-19,-19,-19,-19,-19,-16,-16,-18,-18,-18,-18,-19,-19,-19,-19,-20,-20,-25,-25,-25,-25
673,-24,-24,-25,-25,-25,-25,-23,-23,-20,-20,-18,-18,-18,-18,-15,-15,-17,-17,-14,-14,-18,-18,-19,-19
674,-28,-28,-28,-28,-28,-28,-26,-26,-20,-14,-11,-1,2,-1,-1,0,0,3,1,1,-4,-4,-1,-1
675,-21,-21,-23,-23,-22,-22,-18,-18,-13,-13,-11,-11,-11,-11,-13,-13,-13,-13,-11,-11,-18,-18,-18,-18
676,-24,-24,-24,-24,-25,-25,-19,-19,-9,-9,1,-2,2,0,-2,-2,-1,-1,-10,-10,-16,-16,-19,-19
677,-18,-18,-20,-20,-20,-20,-19,-19,-11,-11,-7,-1,2,0,0,0,0,0,-2,-2,-6,-6,-6,-6
678,-21,-21,-21,-21,-21,-21,-20,-20,-20,-20,-19,-19,-19,-19,-18,-18,-19,-19,-18,-18,-16,-16,-18,-18
679,-18,-18,-18,-18,-18,-18,-15,-15,-8,-8,1,-1,3,1,0,0,-1,0,-3,-3,-6,-6,-9,-9
680,-16,-16,-17,-17,-17,-17,-11,-11,0,0,-4,-2,1,1,-1,-2,2,1,-2,-2,-6,-6,-10,-10
681,-32,-32,-32,-32,-32,-32,-30,-30,-23,-23,-21,-21,-20,-20,-23,-23,-17,-17,-15,-15,-19,-19,-21,-21
682,-32,-32,-33,-33,-33,-33,-32,-32,-32,-32,-36,-36,-29,-29,-34,-34,-30,-30,-27,-27,-37,-37,-39,-39
683,-18,-18,-18,-18,-18,-18,-16,-16,-11,-11,-10,-10,-10,-10,-12,-12,-13,-13,-14,-14,-16,-16,-17,-17
684,-22,-22,-22,-22,-22,-22,-21,-21,-20,-20,-17,-17,-17,-17,-18,-18,-14,-14,-19,-19,-21,-21,-23,-23
685,-21,-21,-22,-22,-22,-22,-18,-18,-10,-10,-9,-9,-10,-10,-9,-9,-7,-7,-11,-11,-19,-19,-22,-22
686,-17,-17,-18,-18,-18,-18,-16,-16,-15,-15,-17,-17,-16,-16,-13,-13,-13,-13,-10,-10,-6,-6,-10,-10
687,-18,-18,-17,-17,-17,-17,-13,-13,-6,-6,-3,-3,-1,-1,0,0,0,-1,-4,-4,-9,-9,-10,-10
688,-19,-19,-21,-21,-21,-21,-20,-20,-18,-18,-19,-19,-17,-17,-14,-14,-14,-14,-12,-12,-17,-17,-16,-16
689,-21,-21,-21,-21,-21,-21,-20,-20,-19,-19,-16,-16,-16,-16,-16,-16,-16,-16,-17,-17,-18,-18,-18,-18
690,-16,-16,-16,-16,-16,-16,-14,-14,-7,-7,-5,-5,-2,-1,-1,-1,1,1,-1,-1,-7,-7,-9,-9
691,-14,-14,-13,-13,-15,-15,-12,-12,-14,-14,-10,-10,-9,-9,-5,-5,-11,-11,-10,-10,-20,-20,-22,-22
692,-13,-13,-13,-13,-14,-14,-11,-11,-4,-4,-1,-2,-1,-1,-3,-3,-3,-3,-11,-11,-18,-18,-17,-17
693,-11,-11,-12,-12,-12,-12,-11,-11,-7,-7,-4,-4,0,0,-1,-1,-1,-1,-6,-6,-9,-9,-8,-8
694,-14,-14,-13,-13,-14,-14,-12,-12,-12,-12,-8,-8,-5,-5,-5,-5,-6,-6,-7,-7,-6,-6,-9,-9
695,-12,-12,-10,-10,-7,-7,0,-5,6,2,0,-2,1,-2,0,2,6,0,4,4,-6,-6,-7,-7
696,-14,-14,-14,-14,-14,-14,-11,-11,-13,-13,-13,-13,-12,-12,-10,-10,-9,-9,-7,-7,-8,-8,-9,-9
697,-16,-16,-16,-16,-15,-15,-13,-13,-4,-4,2,0,2,0,2,1,1,0,3,3,-5,-5,-5,-5
698,-23,-23,-27,-27,-26,-26,-23,-23,-17,-17,-10,0,0,0,-1,-1,-1,-1,-2,-2,-3,-3,-10,-10
699,-27,-27,-27,-27,-26,-26,-21,-21,-15,-15,-11,-2,3,0,-1,1,1,2,-1,-1,-2,-2,-4,-4
700,-17,-17,-18,-18,-18,-18,-16,-16,-9,-9,-4,-4,-1,1,3,0,3,3,-2,-2,-6,-6,-10,-10
701,-20,-20,-23,-23,-23,-23,-17,-17,-5,-5,3,-3,0,0,-2,-2,-2,-2,-3,-3,-15,-15,-17,-17
702,-16,-16,-16,-16,-16,-16,-13,-13,-4,-4,-2,-2,-1,-1,-4,-4,-7,-7,-11,-11,-16,-16,-21,-21
703,-17,-17,-17,-17,-17,-17,-17,-17,-52,-52,-75,-75,-76,-76,-75,-75,-65,-65,-49,-49,-51,-51,-52,-52
704,-12,-12,-13,-13,-13,-13,-11,-11,-10,-10,-6,-6,-8,-8,-8,-8,-6,-6,-5,-5,-9,-9,-9,-9
706,-20,-20,-23,-23,-23,-23,-23,-23,-24,-24,-30,-30,-30,-30,-26,-26,-19,-17,-11,-11,-13,-13,-15,-15
707,-22,-22,-21,-21,-21,-21,-22,-22,-25,-25,-32,-32,-33,-33,-35,-35,-33,-33,-21,-21,-20,-20,-18,-18
708,-23,-23,-23,-23,-23,-23,-21,-21,-21,-21,-20,-20,-22,-22,-23,-23,-23,-23,-19,-19,-25,-25,-24,-24
709,-16,-16,-15,-15,-15,-15,-13,-13,-10,-10,-6,-6,-6,-6,-6,-6,-3,-3,-8,-8,-18,-18,-17,-17
710,-14,-14,-18,-18,-19,-19,-16,-16,-6,-6,2,-4,2,3,2,-6,0,2,-2,-2,-4,-4,-14,-14
711,-21,-21,-22,-22,-22,-22,-22,-22,-19,-19,-18,-18,-12,-12,-12,-12,-12,-12,-12,-12,-13,-13,-17,-17
712,-15,-15,-15,-15,-15,-15,-12,-12,-4,-4,0,-1,5,2,1,1,0,0,-8,-8,-9,-9,-7,-7
713,-14,-14,-18,-18,-18,-18,-18,-18,-16,-16,-15,-6,-6,-5,-7,-1,2,-3,2,2,-2,-2,-1,-1
714,-19,-19,-19,-19,-19,-19,-18,-18,-15,-15,-11,-11,-9,-9,-9,-9,-7,-7,-8,-8,-6,-6,-9,-9
715,-15,-15,-16,-16,-15,-15,-12,-12,-5,-5,-1,-1,0,0,-1,1,-1,0,-6,-6,-4,-4,-6,-6
716,-16,-16,-16,-16,-16,-16,-13,-13,-6,-6,-5,-5,-4,-4,-4,-4,-5,-5,-5,-5,-7,-7,-13,-13
717,-29,-29,-29,-29,-30,-30,-25,-25,-7,-7,4,-4,0,-5,5,3,-3,-1,-1,-1,-16,-16,-26,-26
718,-30,-30,-28,-28,-28,-28,-23,-23,-10,-10,1,-2,0,-3,3,2,7,7,-6,-6,-25,-25,-26,-26
719,-21,-21,-25,-25,-27,-27,-21,-21,-9,-9,3,-5,-1,2,7,0,-5,-5,-8,-8,-22,-22,-29,-29
720,-15,-15,-23,-23,-22,-22,-20,-20,-16,-16,-11,-11,-12,-12,-14,-14,-13,-13,-13,-13,-16,-16,-19,-19
721,-12,-12,-13,-13,-13,-13,-10,-10,-8,-8,-5,-1,3,0,-2,1,-1,-1,-3,-3,-4,-4,-6,-6
722,-13,-13,-13,-13,-13,-13,-11,-11,-4,-4,-5,-5,-6,-6,-6,-6,-7,-7,-5,-5,-14,-14,-19,-19
723,-31,-31,-33,-33,-33,-33,-29,-29,-19,-19,-12,-12,-8,-8,-6,-6,-3,-3,-6,-6,-17,-17,-24,-24
724,-19,-19,-19,-19,-18,-18,-18,-18,-15,-15,-15,-15,-15,-15,-15,-15,-14,-14,-16,-16,-18,-18,-20,-20
725,-19,-19,-21,-21,-21,-21,-20,-20,-17,-17,-19,-19,-18,-18,-18,-18,-17,-17,-18,-18,-20,-20,-19,-19
726,-14,-14,-16,-16,-16,-16,-12,-12,-8,-8,-5,-5,-5,-3,-1,1,0,1,-2,-2,-3,-3,-7,-7
727,-14,-14,-14,-14,-15,-15,-10,-10,-4,-4,3,1,2,2,0,0,-3,-3,-3,-3,-8,-8,-10,-10
728,-20,-20,-20,-20,-20,-20,-19,-19,-17,-17,-17,-17,-16,-16,-15,-15,-13,-13,-11,-11,-13,-13,-14,-14
729,-16,-16,-16,-16,-16,-16,-8,-8,0,0,4,1,1,-1,1,-1,-1,-1,-3,-3,-10,-10,-11,-11
730,-12,-12,-11,-11,-11,-11,-10,-10,-9,-9,-11,-11,-5,-5,-1,-1,4,4,-5,-5,-9,-9,-10,-10
731,-23,-23,-27,-27,-26,-26,-24,-24,-21,-21,-19,-19,-21,-21,-19,-19,-20,-20,-18,-18,-21,-21,-26,-26
732,-11,-11,-14,-14,-15,-15,-9,-9,-3,-3,-14,-14,-17,-17,-17,-17,-13,-13,-7,-7,-26,-26,-15,-15
733,-11,-11,-11,-11,-11,-11,-12,-12,-13,-13,-22,-22,-22,-22,-18,-18,-7,-7,-8,-8,-9,-9,-9,-9
734,-21,-21,-21,-21,-21,-21,-21,-21,-19,-19,-15,-15,-14,-14,-12,-12,-14,-14,-14,-14,-18,-18,-21,-21
735,-23,-23,-22,-22,-22,-22,-18,-18,-16,-16,-16,-16,-17,-17,-17,-17,-18,-18,-24,-24,-28,-28,-27,-27
736,-18,-18,-19,-19,-19,-19,-20,-20,-17,-17,-18,-18,-17,-17,-16,-16,-16,-16,-15,-15,-18,-18,-16,-16
737,-16,-16,-13,-13,-11,-11,-10,-10,-2,-2,-8,-8,0,0,-3,-3,-11,-11,-15,-15,-17,-17,-11,-11
738,-25,-25,-25,-25,-25,-25,-22,-22,-19,-19,-20,-19,-16,-16,-18,-12,-12,-12,-11,-11,-14,-14,-15,-15
739,-18,-18,-19,-19,-19,-19,-17,-17,-12,-12,-9,-9,-9,-9,-5,-5,-8,-8,-5,-5,-13,-13,-13,-13
740,-18,-18,-22,-22,-22,-22,-21,-21,-19,-19,-17,-17,-16,-16,-15,-15,-14,-14,-16,-16,-16,-16,-18,-18
741,-16,-16,-15,-15,-15,-15,-14,-14,-15,-15,-15,-15,-14,-14,-15,-15,-14,-14,-12,-12,-13,-13,-14,-14
742,-15,-15,-15,-15,-15,-15,-12,-12,-5,-5,-4,-4,-1,-1,-4,-4,-4,-4,-12,-12,-13,-13,-17,-17
743,-20,-20,-20,-20,-21,-21,-19,-19,-18,-18,-21,-21,-20,-20,-20,-20,-20,-20,-18,-18,-20,-20,-20,-20
744,-21,-21,-21,-21,-21,-21,-21,-21,-18,-18,-17,-17,-17,-17,-18,-18,-20,-20,-16,-16,-22,-22,-23,-23
745,-20,-20,-20,-20,-21,-21,-21,-21,-21,-21,-24,-24,-22,-22,-24,-24,-23,-23,-20,-20,-15,-15,-14,-14
746,-15,-15,-17,-17,-17,-17,-15,-15,-15,-15,-17,-17,-11,-11,-10,-7,-7,-7,-6,-6,-12,-12,-13,-13
747,-16,-16,-14,-14,-14,-14,-11,-11,-7,-7,-5,-5,-6,-6,-6,-6,-6,-6,-9,-9,-12,-12,-13,-13
748,-17,-17,-20,-20,-21,-21,-16,-16,-3,-3,5,-2,1,-1,1,1,1,1,-1,-1,-13,-13,-20,-20
749,-23,-23,-24,-24,-22,-22,-20,-20,-12,-12,-2,-5,5,1,-3,-1,-2,-2,-7,-7,-14,-14,-22,-22
750,-18,-18,-20,-20,-20,-20,-19,-19,-11,-11,-10,-10,-11,-3,-3,-3,-5,-5,-5,-5,-5,-5,-4,-4
751,-15,-15,-16,-16,-16,-16,-16,-16,-16,-16,-31,-31,-29,-29,-25,-25,-19,-19,-8,-8,-15,-15,-15,-15
752,-20,-20,-20,-20,-20,-20,-19,-19,-17,-17,-18,-18,-18,-18,-20,-20,-19,-19,-20,-20,-21,-21,-24,-24
753,-18,-18,-19,-19,-19,-19,-19,-19,-17,-17,-23,-23,-18,-18,-20,-20,-20,-20,-14,-14,-15,-15,-22,-22
754,-16,-16,-16,-16,-16,-16,-16,-16,-15,-15,-16,-16,-17,-17,-17,-17,-15,-15,-15,-15,-14,-14,-15,-15
755,-14,-14,-15,-15,-15,-15,-12,-12,-14,-14,-11,-11,-9,-9,-20,-20,-14,-14,-10,-10,-18,-18,-24,-24
756,-14,-14,-14,-14,-14,-14,-11,-11,-2,-2,-2,-1,6,-2,2,3,5,3,1,1,-8,-8,-10,-10
757,-16,-16,-17,-17,-17,-17,-12,-12,-2,-2,0,0,3,-2,0,1,-1,-1,-6,-6,-12,-12,-13,-13
758,-15,-15,-13,-13,-12,-12,-10,-10,-10,-10,-10,-10,-10,-10,-8,-8,-10,-10,-9,-9,-11,-11,-10,-10
759,-12,-12,-13,-13,-13,-13,-12,-12,-10,-10,-12,-12,-10,-10,-6,-6,-8,-8,-9,-9,-8,-8,-7,-7
760,-12,-12,-12,-12,-12,-12,-11,-11,-10,-10,-9,-9,-11,-11,-10,-9,-7,-7,-6,-6,-7,-7,-6,-6
761,-17,-17,-19,-19,-20,-20,-18,-18,-9,-9,-4,0,-1,1,0,0,2,1,0,0,-9,-9,-12,-12
762,-11,-11,-11,-11,-12,-12,-11,-11,-17,-17,-19,-19,-10,-10,-4,-4,6,-1,2,2,-5,-5,-8,-8
763,-31,-31,-31,-31,-31,-31,-30,-30,-28,-28,-25,-23,-26,-22,-24,-20,-21,-21,-21,-21,-21,-21,-22,-22
764,-21,-21,-23,-23,-23,-23,-20,-20,-19,-19,-18,-18,-18,-18,-16,-16,-17,-17,-16,-16,-23,-23,-25,-25
765,-27,-27,-28,-28,-28,-28,-27,-27,-28,-28,-26,-26,-25,-25,-25,-25,-23,-23,-22,-22,-27,-27,-27,-27
766,-17,-17,-17,-17,-17,-17,-14,-14,-14,-14,-14,-14,-13,-13,-15,-15,-14,-14,-18,-18,-15,-15,-19,-19
767,-21,-21,-21,-21,-21,-21,-20,-20,-19,-19,-18,-18,-17,-17,-18,-18,-18,-18,-18,-18,-26,-26,-26,-26
768,-22,-22,-24,-24,-24,-24,-20,-20,-15,-15,-7,-7,-4,-4,0,0,-5,-5,-6,-6,-11,-11,-11,-11
769,-13,-13,-14,-14,-13,-13,-7,-7,-1,-1,2,-1,0,0,0,0,-2,-2,-3,-3,-11,-11,-10,-10
770,-21,-21,-22,-22,-22,-22,-19,-19,-13,-13,-10,-10,-9,-9,-9,-9,-11,-11,-8,-8,-13,-13,-16,-16
771,-14,-14,-15,-15,-15,-15,-16,-16,-15,-15,-13,-13,-13,-13,-13,-13,-12,-12,-12,-12,-15,-15,-17,-17
772,-21,-21,-20,-20,-21,-21,-17,-17,-15,-15,-19,-19,-15,-15,-14,-14,-17,-17,-16,-16,-26,-26,-26,-26
773,-15,-15,-15,-15,-14,-14,-14,-14,-22,-22,-47,-47,-44,-44,-43,-43,-27,-27,-20,-20,-28,-28,-32,-32
774,-14,-14,-12,-12,-12,-12,-11,-11,-10,-10,-10,-10,-11,-11,-9,-9,-10,-10,-8,-8,-8,-8,-10,-10
776,-14,-14,-13,-13,-13,-13,-10,-10,-5,-5,-3,-3,-1,-1,-2,-2,-2,-2,-5,-5,-6,-6,-6,-6
777,-14,-14,-14,-14,-14,-14,-12,-12,-10,-10,-8,-8,-7,-7,-6,-6,-3,-3,-3,-3,-4,-4,-5,-5
779,-18,-18,-16,-16,-16,-16,-14,-14,-21,-21,-32,-32,-32,-32,-31,-31,-20,-20,-13,-13,-10,-10,-7,-7
780,-16,-16,-21,-21,-21,-21,-18,-18,-8,-8,-3,-4,2,2,5,-1,0,0,3,3,-7,-7,-11,-11
781,-21,-21,-21,-21,-21,-21,-21,-21,-20,-20,-19,-19,-12,-12,-12,-11,-3,-3,-10,-10,-17,-17,-12,-12
782,-15,-15,-17,-17,-17,-17,-13,-13,-2,-2,-5,-5,-4,-4,-3,-3,-4,-4,-8,-8,-15,-15,-15,-15
784,-21,-21,-24,-24,-22,-22,-22,-22,-18,-18,-11,-11,-6,-6,-17,-17,-9,-9,-5,-5,-7,-7,-12,-12
785,-41,-41,-46,-46,-45,-45,-46,-46,-43,-43,-40,-40,-28,-20,1,-13,0,0,-5,-5,-35,-35,-49,-49
786,-28,-28,-30,-30,-30,-30,-28,-28,-25,-25,-20,-20,-22,-22,-14,-14,-17,-17,-19,-19,-23,-23,-33,-33
787,-22,-22,-24,-24,-23,-23,-22,-22,-20,-20,-17,-17,-15,-15,-16,-16,-10,-10,-17,-17,-29,-29,-33,-33
788,-22,-22,-23,-23,-23,-23,-22,-22,-22,-22,-21,-20,-17,-17,-15,-15,-13,-13,-16,-16,-17,-17,-22,-22
789,-28,-28,-28,-28,-28,-28,-28,-28,-26,-26,-20,-20,-1,-9,-3,3,16,16,5,5,-12,-12,-19,-19
790,-17,-17,-18,-18,-20,-20,-19,-19,-18,-18,-17,-17,-18,-18,-16,-8,-8,-8,-4,-4,-9,-9,-10,-10
792,-28,-28,-28,-28,-26,-26,-26,-26,-19,-10,-39,-39,-38,-38,-38,-35,-30,-30,-21,-19,-18,-18,-16,-16
793,-18,-18,-19,-19,-19,-19,-19,-3,2,-1,2,0,1,0,2,-1,1,0,-1,-1,-5,-5,-8,-8
794,-19,-19,-19,-19,-19,-19,-19,-19,-18,-18,-18,-18,-18,-18,-17,-17,-17,-17,-17,-17,-20,-20,-20,-20
795,-19,-19,-19,-19,-19,-19,-6,-6,1,0,3,1,1,1,0,2,-1,-1,-8,-8,-9,-9,-8,-8
796,-19,-19,-20,-20,-20,-20,-18,-18,-15,-1,-1,0,-2,-2,-1,1,-2,-2,4,3,1,3,1,1
797,-20,-20,-20,-20,-20,-20,-17,-7,3,2,1,1,1,1,1,-1,4,3,-4,-4,-10,-10,-7,-7
798,-17,-17,-15,-15,-15,-8,1,-5,4,-2,8,-2,-5,-5,-6,3,-11,-11,-23,-23,-39,-39,-39,-39
800,-20,-20,-18,-18,-19,-19,-17,-17,-12,-12,-9,-9,-11,-11,-7,-7,0,0,-9,-9,-21,-21,-23,-23
801,-19,-19,-22,-22,-22,-22,-21,-21,-22,-22,-44,-44,-42,-42,-40,-40,-25,-25,-19,-19,-22,-22,-24,-24
802,-22,-22,-25,-25,-26,-26,-23,-23,-15,-15,-9,-9,-6,-6,-8,-8,-4,-4,-6,-6,-8,-8,-9,-9
803,-15,-15,-14,-14,-14,-14,-14,-14,-13,-13,-32,-32,-33,-33,-34,-34,-26,-26,-22,-22,-20,-20,-19,-19
804,-17,-17,-18,-18,-18,-18,-17,-17,-11,5,-8,-5,3,2,-1,-1,-3,-1,-2,-2,-6,-6,-9,-9
805,-18,-18,-18,-18,-18,-18,-17,-17,-17,-17,-17,-17,-17,-17,-15,-15,-19,-19,-18,-18,-18,-18,-16,-16
806,-18,-18,-18,-18,-18,-18,-16,-16,-12,-12,-17,-17,-21,-20,-19,-16,-15,-15,-12,-12,-18,-18,-20,-20
807,-15,-15,-15,-15,-15,-15,-13,-13,-7,-7,-2,-2,-2,-2,-5,-5,-4,-4,-6,-6,-9,-9,-13,-13
808,-23,-23,-23,-23,-23,-23,-22,-22,-18,-18,-15,-15,-13,-13,-15,-15,-14,-14,-16,-16,-20,-20,-20,-20
809,-19,-19,-19,-19,-19,-19,-19,-19,-19,-19,-33,-33,-31,-31,-33,-33,-22,-22,-14,-14,-19,-19,-19,-19
810,-20,-20,-21,-21,-21,-21,-20,-20,-17,-17,-28,-28,-26,-26,-26,-26,-18,-18,-12,-12,-20,-20,-19,-19
811,-24,-24,-25,-25,-25,-25,-24,-24,-25,-25,-26,-26,-27,-27,-22,-22,-18,-18,-13,-13,-31,-31,-30,-30
812,-18,-18,-18,-18,-18,-18,-18,-18,-18,-18,-16,-16,-15,-15,-14,-14,-11,-11,-11,-11,-15,-15,-16,-16
813,-24,-24,-25,-25,-25,-25,-25,-25,-25,-25,-26,-26,-25,-25,-25,-25,-23,-23,-25,-25,-26,-26,-23,-23
814,-21,-21,-20,-20,-20,-20,-18,-18,-10,-10,-4,-4,-1,-1,-3,-3,-3,-3,-4,-4,-7,-7,-9,-9
815,-21,-21,-27,-27,-27,-27,-26,1,2,2,-2,-2,-1,-1,1,-5,-2,-2,4,4,-4,-4,-8,-8
816,-19,-19,-19,-19,-19,-19,-19,-19,-19,-19,-19,-19,-17,-17,-21,-21,-20,-20,-20,-20,-19,-19,-20,-20
817,-18,-18,-17,-17,-18,-18,-15,-15,-15,-15,-16,-16,-19,-19,-16,-16,-12,-12,-5,-5,-8,-8,-11,-11
818,-6,-6,-6,-6,-7,-7,-5,-3,2,5,-5,-4,0,0,-4,-5,1,2,3,4,-3,-3,0,-1
819,-23,-23,-23,-23,-27,-27,-26,-6,1,3,-8,-3,-5,-5,0,0,2,2,-19,-19,-27,-27,-36,-36
820,-16,-16,-18,-18,-18,-18,-16,-16,-5,-5,-1,-1,2,0,-1,-1,0,2,-2,-2,-4,-4,-3,-3
821,-17,-17,-15,-15,-18,-18,-17,-17,-13,-13,-10,-10,-2,-1,-3,-2,-3,-3,-7,-7,-3,-3,-11,-11
826,-17,-17,-17,-17,-18,-18,-15,-13,-9,-9,-6,-6,2,-3,1,2,-2,-2,-7,-7,-14,-14,-18,-18
69,-15,-15,-15,-15,-15,-15,-14,-14,-1,1,2,1,-1,0,2,1,2,1,-2,1,-8,-8,-8,-8
83,-9,-9,-10,-10,-14,-14,-13,-13,-15,-15,-23,-23,-27,-27,-31,-31,-21,-21,-14,-14,-16,-16,-24,-24
187,-15,-15,-15,-15,-14,-14,-13,-13,-11,-11,-8,-8,-10,-10,-6,-6,-4,-4,-4,-4,-10,-10,-12,-12
188,-9,-9,-11,-11,-11,-11,-11,-11,-10,-10,-12,-12,-6,-6,-9,-6,-5,-1,-5,-5,-10,-10,-19,-19
189,-12,-12,-12,-12,-12,-12,-11,-11,-6,-6,-11,-8,-8,-1,2,0,3,-1,3,3,0,0,-1,-1
190,-13,-13,-13,-13,-14,-14,-11,-8,-2,0,5,-1,3,-1,-3,1,-1,-1,-2,-2,-6,-6,-12,-12
194,-36,-36,-36,-36,-40,-40,-37,-37,-31,-31,-46,-46,-49,-49,-61,-61,-56,-56,-90,-90,-105,-105,-95,-95
195,-20,-20,-19,-19,-19,-19,-16,-16,-14,13,-6,-6,-1,-1,-3,-8,0,-1,6,6,-4,-4,-7,-7
196,-10,-10,-10,-10,-10,-10,-9,-9,-5,-5,-8,-8,-6,-6,-8,-8,-5,-5,-1,-1,0,0,-2,-2
197,-17,-17,-21,-21,-21,-21,-19,-9,-1,7,-10,1,3,1,-1,2,-1,-1,-5,-5,-15,-15,-16,-16
